ID,,Phone
CB_Phone_ID_1,,8.61993E+12
CB_Phone_ID_2,,+86+8615028179902    15028179902
CB_Phone_ID_3,,+86-19937530512    0371-55170693
CB_Phone_ID_4,,+undefined    21-51877795
CB_Phone_ID_5,,+86    0371-86658258
CB_Phone_ID_6,,+86+86-15508631887    531-+86-531-88989536
CB_Phone_ID_7,,-19930503110
CB_Phone_ID_8,,+86+8613650506873    023-+86-023-61398051
CB_Phone_ID_9,,8.61852E+12
CB_Phone_ID_10,,+86    519-+86-519-519-85557386
CB_Phone_ID_11,,-13806087608
CB_Phone_ID_12,,8.61337E+12
CB_Phone_ID_13,,0086 189 4982 3763    0551-0551-65418671
CB_Phone_ID_14,,8.61526E+12
CB_Phone_ID_15,,+8617705817739    571-88938639
CB_Phone_ID_16,,+8618126314766    86-18838029171
CB_Phone_ID_17,,8.61597E+12
CB_Phone_ID_18,,+@undefined17701845089
CB_Phone_ID_19,,8.61794E+12
CB_Phone_ID_20,,+86    852-30606658
CB_Phone_ID_21,,8.61562E+12
CB_Phone_ID_22,,+86+86-85511178    0371-+86-85511178
CB_Phone_ID_23,,-5.8968E+11
CB_Phone_ID_24,,+8618058761490    0571-86217390
CB_Phone_ID_25,,+undefined19851887368    0518-86098006
CB_Phone_ID_26,,8.61527E+12
CB_Phone_ID_27,,#NAME?
CB_Phone_ID_28,,+86    571-571-89925085
CB_Phone_ID_29,,+86    371-66670886
CB_Phone_ID_30,,+8617736933208    0086-1773693
CB_Phone_ID_31,,+8618030271905    86-05926210733
CB_Phone_ID_32,,+8615800370750    021-36680027
CB_Phone_ID_33,,   +86-21-58447131
CB_Phone_ID_34,,   +86-21-2022 2982
CB_Phone_ID_35,,   +86-371- 55366292
CB_Phone_ID_36,,   +86-0371-87507775
CB_Phone_ID_37,,+8613605431940    86-13605431940
CB_Phone_ID_38,,   86-579-82660891
CB_Phone_ID_39,,   0086-311-66600578
CB_Phone_ID_40,,   0731-85567275
CB_Phone_ID_41,,   +86-25-83697070
CB_Phone_ID_42,,   +86 21 34123252
CB_Phone_ID_43,,   0512-81664689
CB_Phone_ID_44,,+8613817537615    021-57171705
CB_Phone_ID_45,,+8618501659228    21-58090396
CB_Phone_ID_46,,+8615221909166    400-1647117
CB_Phone_ID_47,,18805314509    0531-0531-88581623
CB_Phone_ID_48,,+8619130631884    028-028-86136736
CB_Phone_ID_49,,18618313080    010-010-5710845
CB_Phone_ID_50,,8.61865E+12
CB_Phone_ID_51,,13917602471    021-021-60345187
CB_Phone_ID_52,,18605286750    0519-0519-82610098
CB_Phone_ID_53,,8.61532E+12
CB_Phone_ID_54,,+8613545340383    027-027-83855389
CB_Phone_ID_55,,15715199582    021-021-00000000
CB_Phone_ID_56,,8.61863E+12
CB_Phone_ID_57,,+8613407122916    027-027-83855385
CB_Phone_ID_58,,+8613317178958    027-83295551
CB_Phone_ID_59,,13520537277
CB_Phone_ID_60,,   4008-755-333
CB_Phone_ID_61,,18067926518
CB_Phone_ID_62,,   86 0755 27148450
CB_Phone_ID_63,,   86-21-52418058 34619399
CB_Phone_ID_64,,   027-85353562
CB_Phone_ID_65,,13901492119
CB_Phone_ID_66,,   0728-6703368
CB_Phone_ID_67,,"   0570-3066667,3062509,13819002126"
CB_Phone_ID_68,,   0798-6702168
CB_Phone_ID_69,,   0531-89702887 62318870 13290107390
CB_Phone_ID_70,,   0519-82859934
CB_Phone_ID_71,,18663730567    0531-88073798
CB_Phone_ID_72,,   86-0519-86806770 86806771
CB_Phone_ID_73,,15603338676    0335-763-6678
CB_Phone_ID_74,,   025-58740787
CB_Phone_ID_75,,   027-83855385
CB_Phone_ID_76,,   0519-85556579
CB_Phone_ID_77,,18627885956    0573-0573-85285100
CB_Phone_ID_78,,   +86-21-50677091
CB_Phone_ID_79,,   +86-519-82553398 82553818
CB_Phone_ID_80,,   0519-88865202
CB_Phone_ID_81,,   0512-88819360
CB_Phone_ID_82,,13046003282    0531-0531-87586188
CB_Phone_ID_83,,18019463053    021-58581007
CB_Phone_ID_84,,+8618507139096    0185-0185-0185-07139096
CB_Phone_ID_85,,13260682861
CB_Phone_ID_86,,+8618971353902    027-027-18971353-902
CB_Phone_ID_87,,18120580375    027-027-83850375
CB_Phone_ID_88,,+8617002132182    021-021-59178156
CB_Phone_ID_89,,+8618971318572    027-83261126
CB_Phone_ID_90,,+8618551496367    0513-66017706
CB_Phone_ID_91,,+8618627096350    186-27096350
CB_Phone_ID_92,,+8618162699093    027-027-59223056
CB_Phone_ID_93,,13256107535
CB_Phone_ID_94,,+8618662931292    021-80159919
CB_Phone_ID_95,,+8618171045381    027-83855381
CB_Phone_ID_96,,+8613380397412    0755-0755-0755-83725350
CB_Phone_ID_97,,8.61534E+12
CB_Phone_ID_98,,8.61982E+12
CB_Phone_ID_99,,+8613571859809    029-029-86018689
CB_Phone_ID_100,,8.61395E+12
CB_Phone_ID_101,,8.61736E+12
CB_Phone_ID_102,,+86+86-15387063101    027-+86-027-59232304
CB_Phone_ID_103,,8.61972E+12
CB_Phone_ID_104,,8.61555E+12
CB_Phone_ID_105,,+8615271852016    027-83855396
CB_Phone_ID_106,,+8618162687220    18162687220
CB_Phone_ID_107,,8.61313E+12
CB_Phone_ID_108,,8.61531E+12
CB_Phone_ID_109,,13348960310    13348960310
CB_Phone_ID_110,,+8617801761073    010-50973185
CB_Phone_ID_111,,8.6158E+12
CB_Phone_ID_112,,8.61333E+12
CB_Phone_ID_113,,+8615370960812    150-61735421
CB_Phone_ID_114,,+8613564487020    021-13564487020
CB_Phone_ID_115,,+8618591971926    029-18591971926
CB_Phone_ID_116,,8.61806E+12
CB_Phone_ID_117,,8.61593E+12
CB_Phone_ID_118,,13764598896
CB_Phone_ID_119,,+8613316968096    0755-22202135
CB_Phone_ID_120,,+8615827396479    027-83855392
CB_Phone_ID_121,,+8618917919676    021-54306202
CB_Phone_ID_122,,8.61372E+12
CB_Phone_ID_123,,15327105076    027-027-83238443
CB_Phone_ID_124,,+8618871579363    027-027-59308705
CB_Phone_ID_125,,8.6133E+12
CB_Phone_ID_126,,8.61305E+12
CB_Phone_ID_127,,8.6185E+12
CB_Phone_ID_128,,+8618327059871    027-027-59206672
CB_Phone_ID_129,,8.61768E+12
CB_Phone_ID_130,,+8617386138556    027-59209883
CB_Phone_ID_131,,8.61373E+12
CB_Phone_ID_132,,8.61803E+12
CB_Phone_ID_133,,+8613373390591    0319-5925599
CB_Phone_ID_134,,8.61816E+12
CB_Phone_ID_135,,18351873721    025-85563444
CB_Phone_ID_136,,+8613315915972    0319-5925599
CB_Phone_ID_137,,+8619086915685    189-71850150
CB_Phone_ID_138,,+86    0573-85600501
CB_Phone_ID_139,,8.61332E+12
CB_Phone_ID_140,,+8613876246362    059265188632
CB_Phone_ID_141,,+8618861350580    0518-86098006
CB_Phone_ID_142,,+8613817534909    021-4001650
CB_Phone_ID_143,,18792798662
CB_Phone_ID_144,,+86    0571-0571-87396430
CB_Phone_ID_145,,+8618917961636    0556-0556-5032306
CB_Phone_ID_146,,15882256948    028-85157043
CB_Phone_ID_147,,+8618013166090    0512-87182056
CB_Phone_ID_148,,15250997978    025-025-58362220
CB_Phone_ID_149,,+864008210725    400-400-8210725
CB_Phone_ID_150,,"+8613303845143    0371-037163312495,13303845143"
CB_Phone_ID_151,,+8613343438265    027-83238443
CB_Phone_ID_152,,+8618112977050    025-025-66028182
CB_Phone_ID_153,,+8617782851193    029-029-81116050
CB_Phone_ID_154,,+8619107121455    027-027-027-59212684
CB_Phone_ID_155,,13657260109    027-027-83855391
CB_Phone_ID_156,,13995685043    027-83855395
CB_Phone_ID_157,,13476018176    027-027-83855310
CB_Phone_ID_158,,8.61861E+12
CB_Phone_ID_159,,+8615377098680    027-59210159
CB_Phone_ID_160,,8.61335E+12
CB_Phone_ID_161,,8.61587E+12
CB_Phone_ID_162,,8.61526E+12
CB_Phone_ID_163,,8.6191E+12
CB_Phone_ID_164,,400-7787-550    021-021-4007787-550
CB_Phone_ID_165,,86391530692
CB_Phone_ID_166,,8.61801E+12
CB_Phone_ID_167,,17362916295    17362916295
CB_Phone_ID_168,,8.61585E+12
CB_Phone_ID_169,,+8616650708709    0370-3678455
CB_Phone_ID_170,,+8618726307739    86-18726307739
CB_Phone_ID_171,,8.61807E+12
CB_Phone_ID_172,,17825480238    020-36607679
CB_Phone_ID_173,,13122364865    021-61998551
CB_Phone_ID_174,,   021-60514606
CB_Phone_ID_175,,   0531-88681605
CB_Phone_ID_176,,13815719043
CB_Phone_ID_177,,   021-67652295
CB_Phone_ID_178,,   021-62206502
CB_Phone_ID_179,,15810802415
CB_Phone_ID_180,,   010-59792309
CB_Phone_ID_181,,13916550749    021-60345367
CB_Phone_ID_182,,   021-65232515
CB_Phone_ID_183,,   021-61284083
CB_Phone_ID_184,,   021-54720761
CB_Phone_ID_185,,   021-59145618
CB_Phone_ID_186,,13122891558
CB_Phone_ID_187,,   021-60536361
CB_Phone_ID_188,,   0527-83313568
CB_Phone_ID_189,,   0519-82765761
CB_Phone_ID_190,,"   +86 (10) 5942-1785, 5844-3812, +86 13366919117"
CB_Phone_ID_191,,0
CB_Phone_ID_192,,15800340161
CB_Phone_ID_193,,13349001619
CB_Phone_ID_194,,+8613336195806    571-571-85586718
CB_Phone_ID_195,,8.6154E+12
CB_Phone_ID_196,,+8613122107989    021-+86-021-021-50872116
CB_Phone_ID_197,,+86    0571-85134551
CB_Phone_ID_198,,+8618971612321    27-87465837
CB_Phone_ID_199,,13892490616    0917-0917-3909592
CB_Phone_ID_200,,8.61599E+12
CB_Phone_ID_201,,8.61765E+12
CB_Phone_ID_202,,8.61563E+12
CB_Phone_ID_203,,+86+8618638391208    0371-+86-0371-63689365
CB_Phone_ID_204,,8.61993E+12
CB_Phone_ID_205,,+8617331933971    173-31933
CB_Phone_ID_206,,+8618018249389    0519-8359
CB_Phone_ID_207,,+8613815020719    13815020719
CB_Phone_ID_208,,+@undefined18621343501
CB_Phone_ID_209,,8.61587E+12
CB_Phone_ID_210,,8.61333E+12
CB_Phone_ID_211,,+8613783527580    0371-55074660
CB_Phone_ID_212,,+8613606544505    86-57188162785
CB_Phone_ID_213,,   0086-21-18019205509
CB_Phone_ID_214,,   +86 (519) 8517-5530
CB_Phone_ID_215,,   +86 519 8630 5871
CB_Phone_ID_216,,   021-62960152
CB_Phone_ID_217,,   +86-571-85232125 85232161 85134551
CB_Phone_ID_218,,13761626812    021-021-52212593
CB_Phone_ID_219,,+8615367835770    400-8592883
CB_Phone_ID_220,,13325730825    0573-86-0573-85866609
CB_Phone_ID_221,,18915088878    0519-0519-85519868
CB_Phone_ID_222,,8.61883E+12
CB_Phone_ID_223,,13915836899    0519-0519-85859058
CB_Phone_ID_224,,15900489257    13136163952
CB_Phone_ID_225,,17663601818    0536-0536-8888106
CB_Phone_ID_226,,   0416-3400266
CB_Phone_ID_227,,   0516-87768018
CB_Phone_ID_228,,"   86-21-51320018,28,38"
CB_Phone_ID_229,,   0516-82188011 82188010
CB_Phone_ID_230,,   0086-512-68096617
CB_Phone_ID_231,,   +86-574-87642758
CB_Phone_ID_232,,18205232085    0514-87899573
CB_Phone_ID_233,,   021-51082199
CB_Phone_ID_234,,   0571-85802323
CB_Phone_ID_235,,13801391802    010-51606228
CB_Phone_ID_236,,   0512-52395770
CB_Phone_ID_237,,   0576-88702853
CB_Phone_ID_238,,   +86-21-51082199
CB_Phone_ID_239,,18122150900
CB_Phone_ID_240,,   0086-571-88162785 8
CB_Phone_ID_241,,   86-0791-86629460
CB_Phone_ID_242,,   +86-57187093700
CB_Phone_ID_243,,   800-820-1016
CB_Phone_ID_244,,   0512-57555380
CB_Phone_ID_245,,+8618722583064    022-60182192
CB_Phone_ID_246,,"   +86 (571) 8524-1926, +86 18758150316"
CB_Phone_ID_247,,   +86-021-64814475
CB_Phone_ID_248,,13524892556    02151969655
CB_Phone_ID_249,,   0086-10-68316861
CB_Phone_ID_250,,+8618301471076    0531-88762217
CB_Phone_ID_251,,+8615926260338    027-027-83855382
CB_Phone_ID_252,,15538176268    15538176268 1875164801
CB_Phone_ID_253,,18186681184    027-027-87747081
CB_Phone_ID_254,,+8615172518801    027-59322316
CB_Phone_ID_255,,+8619339619972    0370-0370-2785705
CB_Phone_ID_256,,13522808617
CB_Phone_ID_257,,8.61385E+12
CB_Phone_ID_258,,8.61996E+12
CB_Phone_ID_259,,8.61328E+12
CB_Phone_ID_260,,8.6187E+12
CB_Phone_ID_261,,+8618205232085    0517-0517-83187139
CB_Phone_ID_262,,8.61866E+12
CB_Phone_ID_263,,15377658509    27-027-81302411
CB_Phone_ID_264,,8.61812E+12
CB_Phone_ID_265,,+8618112977050    025-025-66113011
CB_Phone_ID_266,,   021-68367562
CB_Phone_ID_267,,   0519-85170101
CB_Phone_ID_268,,8.61995E+12
CB_Phone_ID_269,,8.61831E+12
CB_Phone_ID_270,,+86    400-0628126
CB_Phone_ID_271,,8.61662E+12
CB_Phone_ID_272,,+8613376594225    0751-0751-2838688
CB_Phone_ID_273,,+8618051976595    025
CB_Phone_ID_274,,8.6134E+12
CB_Phone_ID_275,,+8615801484223    010-60605840
CB_Phone_ID_276,,"+8615369111890    0311-0311-1536911890,15369111890"
CB_Phone_ID_277,,15527913960
CB_Phone_ID_278,,+8617895012682    025-025-58369808
CB_Phone_ID_279,,8.61784E+12
CB_Phone_ID_280,,+8618964684208    021-021-50630626
CB_Phone_ID_281,,+8613163388153    027-13163388153
CB_Phone_ID_282,,   0532-80922987
CB_Phone_ID_283,,   021-54370211
CB_Phone_ID_284,,   023-40812010
CB_Phone_ID_285,,   0533-5200592
CB_Phone_ID_286,,   0536-5174450
CB_Phone_ID_287,,   0519-85859058 13601507568
CB_Phone_ID_288,,   0513-89066587
CB_Phone_ID_289,,8.61582E+12
CB_Phone_ID_290,,+86+8615221114306    86-417-4890018
CB_Phone_ID_291,,-35004359160
CB_Phone_ID_292,,+8619955145978    199-55145978
CB_Phone_ID_293,,8.6E+12
CB_Phone_ID_294,,8.61593E+12
CB_Phone_ID_295,,8.61776E+12
CB_Phone_ID_296,,8.61355E+12
CB_Phone_ID_297,,8.61337E+12
CB_Phone_ID_298,,8.61663E+12
CB_Phone_ID_299,,+86+86-18949832763    0551-+86-0551-65418679
CB_Phone_ID_300,,+86+8618959220845    592-+86-592-6051114
CB_Phone_ID_301,,+86+8615325081899    577-577-64498589
CB_Phone_ID_302,,8.61525E+12
CB_Phone_ID_303,,8.61765E+12
CB_Phone_ID_304,,+86+8618364991597    0543-+86-0543-2240078
CB_Phone_ID_305,,8.61337E+12
CB_Phone_ID_306,,8.61936E+12
CB_Phone_ID_307,,+8615195660023    0512-83500002
CB_Phone_ID_308,,8.61363E+12
CB_Phone_ID_309,,+undefined+86-0575-82040869    0575-+undefined-0575-82040869
CB_Phone_ID_310,,+8618369939125    0533-2066820
CB_Phone_ID_311,,8.64007E+11
CB_Phone_ID_312,,8.6178E+12
CB_Phone_ID_313,,+@undefined13816004845
CB_Phone_ID_314,,18853385675    0533-0533-2196801
CB_Phone_ID_315,,   021-33883180
CB_Phone_ID_316,,   +86-531-67805312
CB_Phone_ID_317,,+8613952017251    025-025-84683399
CB_Phone_ID_318,,   +86-571-83715115
CB_Phone_ID_319,,   0519-85557386
CB_Phone_ID_320,,   +86-592 599 8717
CB_Phone_ID_321,,   0533ï¼2196666
CB_Phone_ID_322,,19952779122    051088771160
CB_Phone_ID_323,,   +86-21-50278900
CB_Phone_ID_324,,+8615267169049    0571-87157530
CB_Phone_ID_325,,+8617771741533    177-7179
CB_Phone_ID_326,,+8618949975665    0557-18949975665
CB_Phone_ID_327,,15358929297
CB_Phone_ID_328,,   0519-82726662-82723338-82723328-82882018
CB_Phone_ID_329,,   0519-83489086
CB_Phone_ID_330,,   0533-7872088
CB_Phone_ID_331,,   0572-3731983-3731398
CB_Phone_ID_332,,   021-32501999
CB_Phone_ID_333,,   0532-55712326
CB_Phone_ID_334,,   021-52354623
CB_Phone_ID_335,,13958599911    0576-85311311
CB_Phone_ID_336,,   18032288352 18633933494
CB_Phone_ID_337,,   +86 (20) 3715-5353
CB_Phone_ID_338,,   021-56837690
CB_Phone_ID_339,,   0519-82618828
CB_Phone_ID_340,,   021-57131892
CB_Phone_ID_341,,   0512-65239960
CB_Phone_ID_342,,   0798-6702985
CB_Phone_ID_343,,   0533-2833223
CB_Phone_ID_344,,   0512-66715229
CB_Phone_ID_345,,   0536-7573088
CB_Phone_ID_346,,   0519-82723328 13815000059
CB_Phone_ID_347,,   0536-5339366
CB_Phone_ID_348,,13806144289    0519-88862128
CB_Phone_ID_349,,   0086-21-6174 0809
CB_Phone_ID_350,,   0571-85229682
CB_Phone_ID_351,,   0519-82353192
CB_Phone_ID_352,,13406192777    0543-4530777
CB_Phone_ID_353,,   +86 (513) 8410-4688
CB_Phone_ID_354,,   0570-3096658
CB_Phone_ID_355,,   0551-63450295 63451902
CB_Phone_ID_356,,   0543-2108686
CB_Phone_ID_357,,13505435366
CB_Phone_ID_358,,   021-52908009
CB_Phone_ID_359,,13605431940
CB_Phone_ID_360,,   0513-84104688
CB_Phone_ID_361,,   +86-13901508585
CB_Phone_ID_362,,   +86-512-65398039
CB_Phone_ID_363,,   86-13482627603
CB_Phone_ID_364,,   0519-88722281
CB_Phone_ID_365,,   +86-571-12345678
CB_Phone_ID_366,,   0533-6259333 6259817
CB_Phone_ID_367,,   +86-573-82719618
CB_Phone_ID_368,,   0546-6668966
CB_Phone_ID_369,,   0572-2399386-3731398
CB_Phone_ID_370,,+8613927870850    0751-2886766
CB_Phone_ID_371,,13906160752    0510-86982730
CB_Phone_ID_372,,13377865312    027-027-83855312 17771813295
CB_Phone_ID_373,,+8615269100373    13305392349
CB_Phone_ID_374,,+8613349903920    86-13349903920
CB_Phone_ID_375,,+8615058188853    400-1107768
CB_Phone_ID_376,,8.61305E+12
CB_Phone_ID_377,,8.61856E+12
CB_Phone_ID_378,,+8615071227934    027-83855393
CB_Phone_ID_379,,+8618186694582    027-027-82752821
CB_Phone_ID_380,,+8618507139096    18507139096
CB_Phone_ID_381,,+8613003551299    0513-85666561
CB_Phone_ID_382,,15554103218    0531-0531-88872378
CB_Phone_ID_383,,15827508403    027-027-83855381
CB_Phone_ID_384,,8.61856E+12
CB_Phone_ID_385,,8.61592E+12
CB_Phone_ID_386,,18615186228
CB_Phone_ID_387,,13517196568
CB_Phone_ID_388,,8.61803E+12
CB_Phone_ID_389,,13328193929    0519-85560282
CB_Phone_ID_390,,8.61313E+12
CB_Phone_ID_391,,+8618638163978    0371-18638163978
CB_Phone_ID_392,,+8615864498288    00-15864498288
CB_Phone_ID_393,,8.61535E+12
CB_Phone_ID_394,,8.61382E+12
CB_Phone_ID_395,,8.61735E+12
CB_Phone_ID_396,,8.61825E+12
CB_Phone_ID_397,,8.61534E+12
CB_Phone_ID_398,,+8618162590268    027-027-83850178
CB_Phone_ID_399,,+86    024-024-31318888
CB_Phone_ID_400,,15318151873
CB_Phone_ID_401,,+8613611721451    021-61727342
CB_Phone_ID_402,,8.61996E+12
CB_Phone_ID_403,,+8613720181483    027-027-83850106
CB_Phone_ID_404,,+86    400
CB_Phone_ID_405,,+8613081423666    0531-88983706
CB_Phone_ID_406,,02157450129    021-57450129
CB_Phone_ID_407,,8.61583E+12
CB_Phone_ID_408,,18164090116    027-027-83850116
CB_Phone_ID_409,,8.61993E+12
CB_Phone_ID_410,,8.61862E+12
CB_Phone_ID_411,,8.61562E+12
CB_Phone_ID_412,,13906160752
CB_Phone_ID_413,,18206581717
CB_Phone_ID_414,,13056384718
CB_Phone_ID_415,,13062577818
CB_Phone_ID_416,,13951979876
CB_Phone_ID_417,,13375592222
CB_Phone_ID_418,,   0533-6208166
CB_Phone_ID_419,,15162615508
CB_Phone_ID_420,,   0514-86372885
CB_Phone_ID_421,,   0543-4357355
CB_Phone_ID_422,,   021-54046791
CB_Phone_ID_423,,   0086-519-83631498
CB_Phone_ID_424,,13906146077    0519-2723328
CB_Phone_ID_425,,   0514-86374188
CB_Phone_ID_426,,   +86-533-2196810
CB_Phone_ID_427,,8.61366E+12
CB_Phone_ID_428,,   +86-519-83293217 013801504285
CB_Phone_ID_429,,   010-87393986
CB_Phone_ID_430,,8.61753E+12
CB_Phone_ID_431,,8.61826E+12
CB_Phone_ID_432,,+86+8615858145714    008657128800458
CB_Phone_ID_433,,+86+8618622897568    022-+86-022-66880623
CB_Phone_ID_434,,8.61363E+12
CB_Phone_ID_435,,8.61353E+12
CB_Phone_ID_436,,13912997845    025-025-85620080
CB_Phone_ID_437,,+8618871490274    027-59599241
CB_Phone_ID_438,,   +86-022-60980596
CB_Phone_ID_439,,+8613927872512    0751-0751-2815986
CB_Phone_ID_440,,+8613028896684    400-+86-400-002-6226
CB_Phone_ID_441,,+8613852390259    0517-85883738
CB_Phone_ID_442,,   0518-85415818
CB_Phone_ID_443,,18952375139
CB_Phone_ID_444,,   0515-88709975
CB_Phone_ID_445,,   0519-82818968
CB_Phone_ID_446,,   0515-83081606
CB_Phone_ID_447,,   021-50346691
CB_Phone_ID_448,,   0510-87581290 87587186
CB_Phone_ID_449,,   0086-510-87927266
CB_Phone_ID_450,,   0517-87036900
CB_Phone_ID_451,,   0571-86821378 86820258
CB_Phone_ID_452,,13801407627    0517-85934910
CB_Phone_ID_453,,"   +86 (21) 5471-2537, +86 13816508772"
CB_Phone_ID_454,,   0515-83068889
CB_Phone_ID_455,,"   0551-64673459,64673469"
CB_Phone_ID_456,,   0517-85888819 89368050 18936511159
CB_Phone_ID_457,,   0515-81089889
CB_Phone_ID_458,,+8618171155316    027-027-83855316
CB_Phone_ID_459,,8.61834E+12
CB_Phone_ID_460,,17303700913    0370-0370-2071226
CB_Phone_ID_461,,+8613343472658    027-83850122
CB_Phone_ID_462,,+8615377579727    027-87466205
CB_Phone_ID_463,,8.61861E+12
CB_Phone_ID_464,,+8618336995067    0370-18336995067
CB_Phone_ID_465,,+8613297943853    027-59768661
CB_Phone_ID_466,,8.61581E+12
CB_Phone_ID_467,,8.61311E+12
CB_Phone_ID_468,,8.61587E+12
CB_Phone_ID_469,,057487319282    0574-0574-87314919
CB_Phone_ID_470,,18765609661    18678041314
CB_Phone_ID_471,,+8618661514130    1555-0142250
CB_Phone_ID_472,,13921808877
CB_Phone_ID_473,,17853600628
CB_Phone_ID_474,,13589486596
CB_Phone_ID_475,,   0515-88889218
CB_Phone_ID_476,,   021-62058113
CB_Phone_ID_477,,8.61307E+12
CB_Phone_ID_478,,8.61566E+12
CB_Phone_ID_479,,15141125520    0411-62696576
CB_Phone_ID_480,,+8615261441172    025-83172811
CB_Phone_ID_481,,+8613456132869    0574-0574-0574-89219611
CB_Phone_ID_482,,   86-531-55516881
CB_Phone_ID_483,,   0571-88025872 13588138709
CB_Phone_ID_484,,+8615221380277    021-021-021-67601398-809-809
CB_Phone_ID_485,,+8618019345275    400-400-400-1332688
CB_Phone_ID_486,,18351831988    025-025-58470199
CB_Phone_ID_487,,15378766539    0371-0371-60919097
CB_Phone_ID_488,,   021-52511155
CB_Phone_ID_489,,   021-62141308
CB_Phone_ID_490,,   0371-55627632
CB_Phone_ID_491,,   0086 025-52432185
CB_Phone_ID_492,,   0531-85938686 15953181160 13553165615
CB_Phone_ID_493,,   021-52912869
CB_Phone_ID_494,,17302146015    021-57681602
CB_Phone_ID_495,,18064039730
CB_Phone_ID_496,,   0531-85938686
CB_Phone_ID_497,,+8613062666369    021-021-51600108
CB_Phone_ID_498,,8.61385E+12
CB_Phone_ID_499,,+8618112977050    025-66113011
CB_Phone_ID_500,,+8619588588067    0372-19588588067
CB_Phone_ID_501,,15391560861
CB_Phone_ID_502,,8.61339E+12
CB_Phone_ID_503,,8.61519E+12
CB_Phone_ID_504,,+8613813022170    133-57705004
CB_Phone_ID_505,,+8615800436310    021-64400900
CB_Phone_ID_506,,+8618561885118    0532-83818797
CB_Phone_ID_507,,8.61562E+12
CB_Phone_ID_508,,18116267768
CB_Phone_ID_509,,8.61561E+12
CB_Phone_ID_510,,+8618951712139    25-25-86661363
CB_Phone_ID_511,,+8613356650339    0531-0531-88940339
CB_Phone_ID_512,,+8613296077563    021-60527563
CB_Phone_ID_513,,8.61348E+12
CB_Phone_ID_514,,8.61897E+12
CB_Phone_ID_515,,   0574-28883801
CB_Phone_ID_516,,   0519-88873001
CB_Phone_ID_517,,   0510-87823598
CB_Phone_ID_518,,+8618949823763    0551-65418684
CB_Phone_ID_519,,8.61357E+12
CB_Phone_ID_520,,+8615981848961    18638673268
CB_Phone_ID_521,,+8615154153272    0531-88770911
CB_Phone_ID_522,,+8615536356810    029-81148696
CB_Phone_ID_523,,8.6159E+12
CB_Phone_ID_524,,+86+8613524231522    02120970332
CB_Phone_ID_525,,8.61333E+12
CB_Phone_ID_526,,8.61306E+12
CB_Phone_ID_527,,+8618789408387    0086-02981138252
CB_Phone_ID_528,,8.61337E+12
CB_Phone_ID_529,,13703782753    0371-27990887
CB_Phone_ID_530,,   +86-25-87787622
CB_Phone_ID_531,,   029-62599512
CB_Phone_ID_532,,   0532-80681979
CB_Phone_ID_533,,   +86-10-6156.6641
CB_Phone_ID_534,,   0086-21-50563169
CB_Phone_ID_535,,   0515-86512888
CB_Phone_ID_536,,17717569696    021-021-37122200
CB_Phone_ID_537,,+8618396852370    0531-0531-86128689
CB_Phone_ID_538,,13801626616    021-021-51098368
CB_Phone_ID_539,,+8613011641966    0533-33811727
CB_Phone_ID_540,,8.61736E+12
CB_Phone_ID_541,,15062602202
CB_Phone_ID_542,,   0531-88588468
CB_Phone_ID_543,,18560225890
CB_Phone_ID_544,,   86-21-20255798
CB_Phone_ID_545,,13502101599    022-23530739
CB_Phone_ID_546,,   0371-66777261 66031085
CB_Phone_ID_547,,13006597328    0531-58668199
CB_Phone_ID_548,,   035-712345 718939
CB_Phone_ID_549,,   86-010-64392193
CB_Phone_ID_550,,   027-83429833
CB_Phone_ID_551,,   021-62049400
CB_Phone_ID_552,,   86-27-83529553
CB_Phone_ID_553,,   021-52909913
CB_Phone_ID_554,,"   021-52737591,51200357"
CB_Phone_ID_555,,   021-62140790
CB_Phone_ID_556,,   0531-88770911188883322440531-88770411
CB_Phone_ID_557,,15295300888    0523-83561588
CB_Phone_ID_558,,   025-68594185
CB_Phone_ID_559,,   0573-82262042
CB_Phone_ID_560,,   86-512-55210607 55210610
CB_Phone_ID_561,,15194175855    0531â€”83538899
CB_Phone_ID_562,,   +86-510-87503795
CB_Phone_ID_563,,   0571-56021871 56021872 56021873
CB_Phone_ID_564,,   +86-029-85733403
CB_Phone_ID_565,,   0371-66777261
CB_Phone_ID_566,,   0574-27862437
CB_Phone_ID_567,,   +86ï¼ˆ571ï¼‰8696-5177
CB_Phone_ID_568,,   0515-86111688
CB_Phone_ID_569,,   +86(531)8890-8378/8801-2318
CB_Phone_ID_570,,15981848961
CB_Phone_ID_571,,8.61866E+12
CB_Phone_ID_572,,15589901131    155-8990-1131
CB_Phone_ID_573,,8.61881E+12
CB_Phone_ID_574,,15871464247
CB_Phone_ID_575,,8.61521E+12
CB_Phone_ID_576,,8.61891E+12
CB_Phone_ID_577,,8.61337E+12
CB_Phone_ID_578,,8.61891E+12
CB_Phone_ID_579,,8.61566E+12
CB_Phone_ID_580,,8.61521E+12
CB_Phone_ID_581,,8.61573E+12
CB_Phone_ID_582,,+8613853380763    0533-13853380
CB_Phone_ID_583,,+8619901745723    021-67187366
CB_Phone_ID_584,,8.61335E+12
CB_Phone_ID_585,,8.61329E+12
CB_Phone_ID_586,,+86    021-57609736
CB_Phone_ID_587,,8.61581E+12
CB_Phone_ID_588,,+8615562663522    0531-87106227
CB_Phone_ID_589,,8.61862E+12
CB_Phone_ID_590,,+8618551497631    0513-66017678
CB_Phone_ID_591,,+8618096062265    0851-8475
CB_Phone_ID_592,,8.61731E+12
CB_Phone_ID_593,,8.61368E+12
CB_Phone_ID_594,,+8615588839549    0531-053187106227
CB_Phone_ID_595,,15721586846
CB_Phone_ID_596,,18001021521    010-010-82387566
CB_Phone_ID_597,,8.61308E+12
CB_Phone_ID_598,,+8615165133308    0531-88770911
CB_Phone_ID_599,,8.61896E+12
CB_Phone_ID_600,,+8615053312575    0533-15053312
CB_Phone_ID_601,,+8615605418165    0531-83538869
CB_Phone_ID_602,,17740831186    021-57216911
CB_Phone_ID_603,,8.61301E+12
CB_Phone_ID_604,,+8615053319621    0533-3148976
CB_Phone_ID_605,,8.61801E+12
CB_Phone_ID_606,,+8613814094318    025-58699658
CB_Phone_ID_607,,+8615801962796    21-21-62165282
CB_Phone_ID_608,,+8618006146622    0519-82319070
CB_Phone_ID_609,,18016477331    021-021-61984905-1
CB_Phone_ID_610,,13075350046
CB_Phone_ID_611,,13701896116
CB_Phone_ID_612,,13705169949
CB_Phone_ID_613,,0574-88332597   
CB_Phone_ID_614,,15071965509
CB_Phone_ID_615,,15898902797
CB_Phone_ID_616,,   0575-82728777
CB_Phone_ID_617,,13515233234
CB_Phone_ID_618,,   0632-5156656
CB_Phone_ID_619,,13902142909
CB_Phone_ID_620,,18615114511
CB_Phone_ID_621,,   0533-5270977
CB_Phone_ID_622,,13921255788    0510-86651415
CB_Phone_ID_623,,   +86 (533) 358-7809
CB_Phone_ID_624,,   021-60751829
CB_Phone_ID_625,,   021-56076685
CB_Phone_ID_626,,8.61864E+12
CB_Phone_ID_627,,+8615532196582    0311-85030958
CB_Phone_ID_628,,86
CB_Phone_ID_629,,15319487004    +86-29-87569266
CB_Phone_ID_630,,+8613323832564    0371-0371-63315541
CB_Phone_ID_631,,   027-68886696
CB_Phone_ID_632,,13277214789
CB_Phone_ID_633,,   0571-88991960 81956084
CB_Phone_ID_634,,"   021-61086350, 51, 52, 53, 55"
CB_Phone_ID_635,,   0631-7335369 7336369
CB_Phone_ID_636,,   0531-88024598 88026910
CB_Phone_ID_637,,8.6139E+12
CB_Phone_ID_638,,+8615307155313    027-83855313
CB_Phone_ID_639,,+8613854830819    0538-54830819
CB_Phone_ID_640,,8.61555E+12
CB_Phone_ID_641,,18068836627    025-025-58859352
CB_Phone_ID_642,,83853277
CB_Phone_ID_643,,15850255351    0512-69355651
CB_Phone_ID_644,,18062666868
CB_Phone_ID_645,,18192627656    +86-29-87569263
CB_Phone_ID_646,,+8618729576160    029-+86-29-89586680
CB_Phone_ID_647,,8.61593E+12
CB_Phone_ID_648,,   86-1860259310
CB_Phone_ID_649,,   +86-25-58766653
CB_Phone_ID_650,,13611564524    025-025-58851090
CB_Phone_ID_651,,13818478267
CB_Phone_ID_652,,   +86 512 6533 0250
CB_Phone_ID_653,,   (852) 23902293
CB_Phone_ID_654,,   86-021-32515501
CB_Phone_ID_655,,   0532-85865000
CB_Phone_ID_656,,   86-25-8467-6361
CB_Phone_ID_657,,"   021-33735686, 52510638"
CB_Phone_ID_658,,   86-551-628 355 29 628 332 69
CB_Phone_ID_659,,   0792-3176777
CB_Phone_ID_660,,   025-83690319
CB_Phone_ID_661,,   (852)2541 2772
CB_Phone_ID_662,,   0573-82113768
CB_Phone_ID_663,,   025-86452352 87771601
CB_Phone_ID_664,,+8617305617782    021-021-50322680
CB_Phone_ID_665,,8.61833E+12
CB_Phone_ID_666,,+86    400-6206333
CB_Phone_ID_667,,+8618537671377    0185-37671377
CB_Phone_ID_668,,8.61777E+12
CB_Phone_ID_669,,+8618589069862    0755-18589069862
CB_Phone_ID_670,,+8613927875076    0751-0751-2815987
CB_Phone_ID_671,,8.61313E+12
CB_Phone_ID_672,,18548936886    010-010-62971590
CB_Phone_ID_673,,+864008210725    400-400-400-8210725
CB_Phone_ID_674,,13368167990    13368167990
CB_Phone_ID_675,,+8619870606785    0796-0796-8186259
CB_Phone_ID_676,,8.61569E+12
CB_Phone_ID_677,,+8618296668815    0796-0796-8128936
CB_Phone_ID_678,,+8613879661494    0796-8287629
CB_Phone_ID_679,,8.6189E+12
CB_Phone_ID_680,,8.61569E+12
CB_Phone_ID_681,,8.61588E+12
CB_Phone_ID_682,,+8615827297403    027-83850299
CB_Phone_ID_683,,+8615221275939    021-50706066
CB_Phone_ID_684,,8.61319E+12
CB_Phone_ID_685,,   0510-82303030
CB_Phone_ID_686,,   0632-2985887
CB_Phone_ID_687,,   021-35323056
CB_Phone_ID_688,,   +86ï¼ˆ592ï¼‰510-5533
CB_Phone_ID_689,,8.61894E+12
CB_Phone_ID_690,,8.61762E+12
CB_Phone_ID_691,,8.6E+12
CB_Phone_ID_692,,+8618560316533    86185603165
CB_Phone_ID_693,,+86+8615927270571    027-+86-027-87366298
CB_Phone_ID_694,,+undefined17712220823    18912220602
CB_Phone_ID_695,,   +86-18336680971
CB_Phone_ID_696,,13289246953    029-029-86107037
CB_Phone_ID_697,,8.61866E+12
CB_Phone_ID_698,,+8615093356674    0371-+86-0371-86658258
CB_Phone_ID_699,,8.61356E+12
CB_Phone_ID_700,,+8618192503167    29-+86-29-29-89586680
CB_Phone_ID_701,,+8618031140164    86
CB_Phone_ID_702,,8.61834E+12
CB_Phone_ID_703,,   027-88013699
CB_Phone_ID_704,,8.61599E+12
CB_Phone_ID_705,,8.61863E+12
CB_Phone_ID_706,,8.61318E+12
CB_Phone_ID_707,,+86    029-02968669089
CB_Phone_ID_708,,17081281057
CB_Phone_ID_709,,   0571-85095566 18969113688
CB_Phone_ID_710,,+8615343847665    0370-2785118
CB_Phone_ID_711,,8.61376E+12
CB_Phone_ID_712,,15366451979
CB_Phone_ID_713,,   0537-8018166
CB_Phone_ID_714,,   0576-85289468
CB_Phone_ID_715,,   025-84522992
CB_Phone_ID_716,,   0536-5346799
CB_Phone_ID_717,,   0510-85580939
CB_Phone_ID_718,,   0536-5103108
CB_Phone_ID_719,,   0519-88316798
CB_Phone_ID_720,,   +86 (515) 8872-8533
CB_Phone_ID_721,,   13033559988 15851779911
CB_Phone_ID_722,,   0515-88710008
CB_Phone_ID_723,,   025-84785485
CB_Phone_ID_724,,   86-571-82856962
CB_Phone_ID_725,,   +86 (21) 5126-2180
CB_Phone_ID_726,,   00852-2521 1836
CB_Phone_ID_727,,15558156576    0571-0571-88194596
CB_Phone_ID_728,,18019463053    021-021-60455363
CB_Phone_ID_729,,18271582018
CB_Phone_ID_730,,13554168242
CB_Phone_ID_731,,+8613720274133    027-83850377
CB_Phone_ID_732,,8.61502E+12
CB_Phone_ID_733,,15377551550    027-02783850058
CB_Phone_ID_734,,+8618615526239    0531-84212239
CB_Phone_ID_735,,8.61355E+12
CB_Phone_ID_736,,+8615972152991    027-59223108
CB_Phone_ID_737,,+8617525117515    0370-2782809
CB_Phone_ID_738,,8.61772E+12
CB_Phone_ID_739,,+8618003835034    0371-0371-55153829
CB_Phone_ID_740,,8.61985E+12
CB_Phone_ID_741,,+8618964387627    021-65675885
CB_Phone_ID_742,,8.61392E+12
CB_Phone_ID_743,,18665676617
CB_Phone_ID_744,,+8619837086283    0370-2070160
CB_Phone_ID_745,,18201727566
CB_Phone_ID_746,,+8618321124657    021-54580889
CB_Phone_ID_747,,+8615107168801    027-59223025
CB_Phone_ID_748,,+8618691729963    0917-18691729
CB_Phone_ID_749,,8.61937E+12
CB_Phone_ID_750,,15320534687    023-023-55703781
CB_Phone_ID_751,,8.61806E+12
CB_Phone_ID_752,,+8618327245847    027-59220433
CB_Phone_ID_753,,8.61569E+12
CB_Phone_ID_754,,19951936396
CB_Phone_ID_755,,13757365595    0573-0573-82672231
CB_Phone_ID_756,,+8618664658771    0796-0796-8612228
CB_Phone_ID_757,,+8617550075363    0370-0370-2059268
CB_Phone_ID_758,,+8618157336032    0573-0573-85609002
CB_Phone_ID_759,,   0536-5211258
CB_Phone_ID_760,,13519129852
CB_Phone_ID_761,,16622359149
CB_Phone_ID_762,,8.61318E+12
CB_Phone_ID_763,,+86    0519-+86-0519-88299272
CB_Phone_ID_764,,+86+8615633399667    315-+86-315-8309571
CB_Phone_ID_765,,8.61539E+12
CB_Phone_ID_766,,+8618616562121    021-56500520
CB_Phone_ID_767,,8.61391E+12
CB_Phone_ID_768,,   86-511-8681 0993
CB_Phone_ID_769,,13663805960    0371-0371-63357898
CB_Phone_ID_770,,+8613545242311    027-027-13545242311
CB_Phone_ID_771,,   0511-86739903
CB_Phone_ID_772,,   0515-89192572
CB_Phone_ID_773,,   025-57673031
CB_Phone_ID_774,,18014440662
CB_Phone_ID_775,,   0573-83286377
CB_Phone_ID_776,,"   +86-510-85032271, 85055293"
CB_Phone_ID_777,,   0736-4215018
CB_Phone_ID_778,,   86 0515 88364966
CB_Phone_ID_779,,   86-371-55030620 55030625
CB_Phone_ID_780,,   0513-84541548 84546126
CB_Phone_ID_781,,   0514-85083556 85083551
CB_Phone_ID_782,,   0511-86055888-58031
CB_Phone_ID_783,,   025-83346564
CB_Phone_ID_784,,   0511-86810995
CB_Phone_ID_785,,   573-82612149
CB_Phone_ID_786,,   021-52399015
CB_Phone_ID_787,,13861226663
CB_Phone_ID_788,,   0519-82613806
CB_Phone_ID_789,,   021-60452655
CB_Phone_ID_790,,   0534-3585066
CB_Phone_ID_791,,   0514-84873926
CB_Phone_ID_792,,   0515-88364966
CB_Phone_ID_793,,13806106625
CB_Phone_ID_794,,18551706576    0518-88827900
CB_Phone_ID_795,,   0515-68896898
CB_Phone_ID_796,,   021-52387772
CB_Phone_ID_797,,   0571-28828110
CB_Phone_ID_798,,   0517-87216880
CB_Phone_ID_799,,   0086-511-86985511
CB_Phone_ID_800,,   0517-82870418
CB_Phone_ID_801,,+8615318402391    152-64160071
CB_Phone_ID_802,,+8618116302010    021-021-56152668
CB_Phone_ID_803,,8.61369E+12
CB_Phone_ID_804,,8.61816E+12
CB_Phone_ID_805,,+8615172325309    027-59503710
CB_Phone_ID_806,,8.61556E+12
CB_Phone_ID_807,,15316143119
CB_Phone_ID_808,,8.61555E+12
CB_Phone_ID_809,,18672616696
CB_Phone_ID_810,,8.61835E+12
CB_Phone_ID_811,,+8613917817467    021-57188992
CB_Phone_ID_812,,+8618717199209    027-027-59102966
CB_Phone_ID_813,,8.61809E+12
CB_Phone_ID_814,,+8613986192185    027-59106185
CB_Phone_ID_815,,8.61808E+12
CB_Phone_ID_816,,8.61338E+12
CB_Phone_ID_817,,+8613627137652    027-027-59223020
CB_Phone_ID_818,,+8613986034860    027-59106191
CB_Phone_ID_819,,+8613021512891    0731-85567275
CB_Phone_ID_820,,+8618137792234    0371-55055611
CB_Phone_ID_821,,13818767334
CB_Phone_ID_822,,+8613355310698    0531-83179999
CB_Phone_ID_823,,+8613861119411    0512-0512-0512-68437753
CB_Phone_ID_824,,+8618071128681    027-027-59322506
CB_Phone_ID_825,,+8619147740836    021-34675735
CB_Phone_ID_826,,+8615997268006    0710-8221378
CB_Phone_ID_827,,+86    0555-2761852
CB_Phone_ID_828,,+8618140587623    027-027-83850368
CB_Phone_ID_829,,+8618427358864    1842-7358861
CB_Phone_ID_830,,   022-23246078
CB_Phone_ID_831,,   0519-82898018
CB_Phone_ID_832,,13951385330
CB_Phone_ID_833,,13701506896
CB_Phone_ID_834,,13805709842
CB_Phone_ID_835,,   0632-5658328
CB_Phone_ID_836,,   0536-5318018
CB_Phone_ID_837,,   0519-82893168
CB_Phone_ID_838,,   0511-86913683
CB_Phone_ID_839,,   0917-8440118
CB_Phone_ID_840,,13912217777    0513-84810088
CB_Phone_ID_841,,18086513998
CB_Phone_ID_842,,8.61897E+12
CB_Phone_ID_843,,8.61732E+12
CB_Phone_ID_844,,+8613795318958    86-02137122233
CB_Phone_ID_845,,+86+8613962173137    25-+86-25-86655873
CB_Phone_ID_846,,18957127338
CB_Phone_ID_847,,13350802083    028-87075086
CB_Phone_ID_848,,+8613986145403    027-59207850
CB_Phone_ID_849,,+8618503098836    0755-86703119
CB_Phone_ID_850,,+8615000292053    021-50456736
CB_Phone_ID_851,,8.61807E+12
CB_Phone_ID_852,,+8618560943802    0533-2185556
CB_Phone_ID_853,,   0571-87632700
CB_Phone_ID_854,,18116577057    028-028-81700200
CB_Phone_ID_855,,   0730-8748800
CB_Phone_ID_856,,+8613771772901    0512-62867016
CB_Phone_ID_857,,   86-029-88865676-809
CB_Phone_ID_858,,   0898-68540310
CB_Phone_ID_859,,   0371-86189866
CB_Phone_ID_860,,   +86ï¼ˆ519ï¼‰8631-6850
CB_Phone_ID_861,,   0531-87100375
CB_Phone_ID_862,,+8619947451280    0731-85526065
CB_Phone_ID_863,,+8618917636693    021-64975436
CB_Phone_ID_864,,13370911691    0535-0535-7876627
CB_Phone_ID_865,,15966937598
CB_Phone_ID_866,,13770529431    15251746917ï¼Œ13770529431
CB_Phone_ID_867,,17720597715    027-027-86637880
CB_Phone_ID_868,,+8618071542427    027-027-88866057
CB_Phone_ID_869,,18062324989    0715-0715-8890696
CB_Phone_ID_870,,13881890404
CB_Phone_ID_871,,   +86-0755-6070422
CB_Phone_ID_872,,13605516669
CB_Phone_ID_873,,   022-58221236
CB_Phone_ID_874,,   027-83619372
CB_Phone_ID_875,,   028-85377358
CB_Phone_ID_876,,13912339771
CB_Phone_ID_877,,   0513-87835588
CB_Phone_ID_878,,   021-56797678
CB_Phone_ID_879,,   0518-85807705
CB_Phone_ID_880,,13807127373
CB_Phone_ID_881,,   022-27979990
CB_Phone_ID_882,,   86-0519-85136089
CB_Phone_ID_883,,   0510-88785501
CB_Phone_ID_884,,   0512-58633037
CB_Phone_ID_885,,   021-33927850
CB_Phone_ID_886,,   0510-86361158 86361148
CB_Phone_ID_887,,13755603536    0791-85546589
CB_Phone_ID_888,,   025-8578-3899
CB_Phone_ID_889,,   86-515-88701580
CB_Phone_ID_890,,   0754-2481166
CB_Phone_ID_891,,   21-61701888
CB_Phone_ID_892,,   +86-573-2807222
CB_Phone_ID_893,,   0510-88781501 88785501
CB_Phone_ID_894,,   0510-82724440 82702323
CB_Phone_ID_895,,   0755-86250096
CB_Phone_ID_896,,"   +86 592 5163188,5163288"
CB_Phone_ID_897,,   027-83834596
CB_Phone_ID_898,,   0631-3857362
CB_Phone_ID_899,,   +86-519-82311077
CB_Phone_ID_900,,   0517-87267828
CB_Phone_ID_901,,   0713-7502578
CB_Phone_ID_902,,   027-51350488
CB_Phone_ID_903,,   0513-84809988
CB_Phone_ID_904,,13775226501    0518-83093888
CB_Phone_ID_905,,   0571-87153572
CB_Phone_ID_906,,   021-50151592
CB_Phone_ID_907,,   021-66315653
CB_Phone_ID_908,,13906273259    0513-87835588
CB_Phone_ID_909,,13707270405
CB_Phone_ID_910,,   0728-3264711
CB_Phone_ID_911,,   027-83698488
CB_Phone_ID_912,,   027-83619372 83351786 83351760
CB_Phone_ID_913,,   0573-88181891 88180573
CB_Phone_ID_914,,   020-62612188 0754-82481166
CB_Phone_ID_915,,   86 27 85743185
CB_Phone_ID_916,,17786770208
CB_Phone_ID_917,,"   0519-88819292,13706123419"
CB_Phone_ID_918,,   0519-83519308
CB_Phone_ID_919,,   0513-84128750
CB_Phone_ID_920,,   021-39740009
CB_Phone_ID_921,,13520963629    010-84336747
CB_Phone_ID_922,,   0573-85277067
CB_Phone_ID_923,,18101936766    021-58583907
CB_Phone_ID_924,,   020-62802632 62802633
CB_Phone_ID_925,,   86 0796 8208926 8208921
CB_Phone_ID_926,,15805159960    025
CB_Phone_ID_927,,+8615971080675    0523-0523-15971080675
CB_Phone_ID_928,,13886234233
CB_Phone_ID_929,,13603117744
CB_Phone_ID_930,,+8619983342022    028-028-028-85142057
CB_Phone_ID_931,,8.61736E+12
CB_Phone_ID_932,,+8613256752920    0531-80962058
CB_Phone_ID_933,,+8617707911324    0791-82165230
CB_Phone_ID_934,,18661161657
CB_Phone_ID_935,,+8615517316871    0373-+86-15517316871
CB_Phone_ID_936,,19871689299    19871689299
CB_Phone_ID_937,,8.61348E+12
CB_Phone_ID_938,,8.61835E+12
CB_Phone_ID_939,,8.61756E+12
CB_Phone_ID_940,,8.6159E+12
CB_Phone_ID_941,,8.61357E+12
CB_Phone_ID_942,,+8619150123681    028-83257925
CB_Phone_ID_943,,8.61867E+12
CB_Phone_ID_944,,+8618679669723    0796
CB_Phone_ID_945,,8.61563E+12
CB_Phone_ID_946,,13949088811    0371-0371-56669001
CB_Phone_ID_947,,13576833965    0796-0796-8180428
CB_Phone_ID_948,,18108665271    027-027-83916065
CB_Phone_ID_949,,+8613380397412    4000505016
CB_Phone_ID_950,,8.6137E+12
CB_Phone_ID_951,,8.61565E+12
CB_Phone_ID_952,,8.61538E+12
CB_Phone_ID_953,,+8615618937986    021-57127007
CB_Phone_ID_954,,8.61533E+12
CB_Phone_ID_955,,8.61313E+12
CB_Phone_ID_956,,8.61809E+12
CB_Phone_ID_957,,+8615529505138    029-81123119
CB_Phone_ID_958,,+8619945030958    027-027-59101668
CB_Phone_ID_959,,+8613480856786    0755-89218110
CB_Phone_ID_960,,13500006345    025-15850510341
CB_Phone_ID_961,,+8613339985473    027
CB_Phone_ID_962,,+8613385289472    027-02759222918
CB_Phone_ID_963,,8.6134E+12
CB_Phone_ID_964,,8.61784E+12
CB_Phone_ID_965,,+8613320932187    028-028-37664989
CB_Phone_ID_966,,+8618512615154    86-1801738
CB_Phone_ID_967,,+8618596073690    0531-0531-88723173
CB_Phone_ID_968,,+8618171027221    18171027221
CB_Phone_ID_969,,8.61476E+12
CB_Phone_ID_970,,8.61891E+12
CB_Phone_ID_971,,8.61856E+12
CB_Phone_ID_972,,8.61506E+12
CB_Phone_ID_973,,13813788405    0513-68819626
CB_Phone_ID_974,,8.61351E+12
CB_Phone_ID_975,,18502675601
CB_Phone_ID_976,,13707115681
CB_Phone_ID_977,,   027-83989688
CB_Phone_ID_978,,13937927043
CB_Phone_ID_979,,15979688888
CB_Phone_ID_980,,   0571-86722836
CB_Phone_ID_981,,   021-36586021
CB_Phone_ID_982,,   010-53852448
CB_Phone_ID_983,,18795782766
CB_Phone_ID_984,,   021-66310288
CB_Phone_ID_985,,   021-57625358
CB_Phone_ID_986,,   021-56651122
CB_Phone_ID_987,,   022-27482013
CB_Phone_ID_988,,   0536-8893311
CB_Phone_ID_989,,   027-88185570
CB_Phone_ID_990,,   0516-88955777
CB_Phone_ID_991,,13819011783
CB_Phone_ID_992,,   021-61521620
CB_Phone_ID_993,,   0519-88129637
CB_Phone_ID_994,,   0519-82311077
CB_Phone_ID_995,,   0418-8185600
CB_Phone_ID_996,,18062522973
CB_Phone_ID_997,,   0769-89974612
CB_Phone_ID_998,,   021-57136670
CB_Phone_ID_999,,   86-021-62148979
CB_Phone_ID_1000,,15564111937
CB_Phone_ID_1001,,   021-58116080
CB_Phone_ID_1002,,   021-60796911
CB_Phone_ID_1003,,   0158524378777
CB_Phone_ID_1004,,+8618922120635    18922120635
CB_Phone_ID_1005,,+86 18953170293   
CB_Phone_ID_1006,,+86+86-15905172087    86-+86-25-86736270
CB_Phone_ID_1007,,+8615900664856    021-021-64478606
CB_Phone_ID_1008,,13365232216    0523-82837785
CB_Phone_ID_1009,,15351991043    0519-0519-85267898
CB_Phone_ID_1010,,15871472056    027-51837617
CB_Phone_ID_1011,,   025-58799139
CB_Phone_ID_1012,,   0086-571-88808190
CB_Phone_ID_1013,,   0519-88368866
CB_Phone_ID_1014,,   86-0755-26949372
CB_Phone_ID_1015,,"   021-62148466,021-62148433"
CB_Phone_ID_1016,,   0086-451-82366783
CB_Phone_ID_1017,,   0514-86374620
CB_Phone_ID_1018,,   025-83179199
CB_Phone_ID_1019,,   0419-3160823
CB_Phone_ID_1020,,   0533-3983918 13371581222 18605336902
CB_Phone_ID_1021,,   +86-21-62323636 62307212 52560027 52560064
CB_Phone_ID_1022,,   025-58393388-138
CB_Phone_ID_1023,,   +86-432-3973913
CB_Phone_ID_1024,,   025-83563581 83563582
CB_Phone_ID_1025,,   025-83179658
CB_Phone_ID_1026,,   86-0574-87304909
CB_Phone_ID_1027,,   025-57791292
CB_Phone_ID_1028,,18261166666    0519-85766826
CB_Phone_ID_1029,,   0533-6208589
CB_Phone_ID_1030,,   0519-88121245
CB_Phone_ID_1031,,   021-32010223
CB_Phone_ID_1032,,   0373-5599201
CB_Phone_ID_1033,,18305590787
CB_Phone_ID_1034,,   0518-83866111
CB_Phone_ID_1035,,   0519-86808992
CB_Phone_ID_1036,,   0570-385-1328
CB_Phone_ID_1037,,   0531-88773868
CB_Phone_ID_1038,,15866620025    0531-55511236
CB_Phone_ID_1039,,   027-83517959
CB_Phone_ID_1040,,   86-310-5102000
CB_Phone_ID_1041,,18013409632    0510-0510-85629785
CB_Phone_ID_1042,,+8613864763947    0546-0546-6887666
CB_Phone_ID_1043,,8.61876E+12
CB_Phone_ID_1044,,+8618765887256    0531-82370399
CB_Phone_ID_1045,,8.61805E+12
CB_Phone_ID_1046,,+8615562622698    0531-0531-88801869
CB_Phone_ID_1047,,8.61863E+12
CB_Phone_ID_1048,,031166536426    0311-0311-89250318
CB_Phone_ID_1049,,+8613805713832    571-87211402
CB_Phone_ID_1050,,+8618957899377    574-88552216
CB_Phone_ID_1051,,+8615195021697    0519-85518211
CB_Phone_ID_1052,,+8615840046119    024-31124838
CB_Phone_ID_1053,,8.61565E+12
CB_Phone_ID_1054,,8.61856E+12
CB_Phone_ID_1055,,13245250309    025-82223911
CB_Phone_ID_1056,,8.61877E+12
CB_Phone_ID_1057,,13656703998
CB_Phone_ID_1058,,13584042588
CB_Phone_ID_1059,,13705251485
CB_Phone_ID_1060,,   0371-55090689
CB_Phone_ID_1061,,   0531-68801820
CB_Phone_ID_1062,,   0531-88773977
CB_Phone_ID_1063,,   0531-82374299
CB_Phone_ID_1064,,   0635-7290586
CB_Phone_ID_1065,,   025-52343541
CB_Phone_ID_1066,,   0755-28545706
CB_Phone_ID_1067,,   0533-2188606
CB_Phone_ID_1068,,   0523-87535308
CB_Phone_ID_1069,,   0519-88999828
CB_Phone_ID_1070,,13912328959
CB_Phone_ID_1071,,   0546-6893053
CB_Phone_ID_1072,,   0546-6880345
CB_Phone_ID_1073,,   0571-88808190
CB_Phone_ID_1074,,   0570-3091282
CB_Phone_ID_1075,,   0515-86739922
CB_Phone_ID_1076,,   0539-3127308
CB_Phone_ID_1077,,13505332357
CB_Phone_ID_1078,,+8615064153060    531-82375818
CB_Phone_ID_1079,,8.61524E+12
CB_Phone_ID_1080,,8.61996E+12
CB_Phone_ID_1081,,+86+8617317452075    021-+86-021-57951555
CB_Phone_ID_1082,,+8618629664246    029-86185165
CB_Phone_ID_1083,,+8613918007836    21-21-61026752
CB_Phone_ID_1084,,   +86-311-66576321
CB_Phone_ID_1085,,18994752886    0519-0519-82813797
CB_Phone_ID_1086,,13805401165    531-87153728
CB_Phone_ID_1087,,+8615716293042    0513-68015
CB_Phone_ID_1088,,15981811963
CB_Phone_ID_1089,,   0532-80960264
CB_Phone_ID_1090,,   +86-519-82551166
CB_Phone_ID_1091,,   021-35121141
CB_Phone_ID_1092,,13815582590    0515-83301301
CB_Phone_ID_1093,,   86-574-87178138 87297407
CB_Phone_ID_1094,,   021-57362983
CB_Phone_ID_1095,,   0516-83692320 18914880986
CB_Phone_ID_1096,,   0576-88880039
CB_Phone_ID_1097,,   0519-86388026
CB_Phone_ID_1098,,   021-50933265
CB_Phone_ID_1099,,   0536-5232111
CB_Phone_ID_1100,,13122256699
CB_Phone_ID_1101,,   021-60822391
CB_Phone_ID_1102,,   020-32290121
CB_Phone_ID_1103,,15106946624    0531-87968558
CB_Phone_ID_1104,,   021-65794930
CB_Phone_ID_1105,,+8613512199871    21-21-56491756
CB_Phone_ID_1106,,+8615533709196    0317-5296180
CB_Phone_ID_1107,,8.61524E+12
CB_Phone_ID_1108,,+8618917198780    021-021-35121141
CB_Phone_ID_1109,,18367323072
CB_Phone_ID_1110,,8.6156E+12
CB_Phone_ID_1111,,+8613126795102    0744-0744-2221508
CB_Phone_ID_1112,,13810760018    010-010-67713695
CB_Phone_ID_1113,,8.61377E+12
CB_Phone_ID_1114,,+8619945755304    400-8675577
CB_Phone_ID_1115,,8.6185E+12
CB_Phone_ID_1116,,8.61779E+12
CB_Phone_ID_1117,,8.61897E+12
CB_Phone_ID_1118,,15063661899    0536-2082396
CB_Phone_ID_1119,,+864000255188    025-86918232
CB_Phone_ID_1120,,+8613962195826    0512-68311833
CB_Phone_ID_1121,,+8615528049369    0731-85567275
CB_Phone_ID_1122,,+8619916721580    021-021-00000000
CB_Phone_ID_1123,,8.61822E+12
CB_Phone_ID_1124,,   0512-66383386
CB_Phone_ID_1125,,   86-21-50322175
CB_Phone_ID_1126,,   +86-22-60873127
CB_Phone_ID_1127,,15865526628    0532-81107967
CB_Phone_ID_1128,,13764913901    021-00000000
CB_Phone_ID_1129,,   0512-56777600
CB_Phone_ID_1130,,   010-84669753
CB_Phone_ID_1131,,2164260370
CB_Phone_ID_1132,,   +86-571-88183204 88183266
CB_Phone_ID_1133,,   86-0510 87501287 87501565
CB_Phone_ID_1134,,   0512-63401963 63407822
CB_Phone_ID_1135,,13406400767    0531-88691896
CB_Phone_ID_1136,,   021-51289991
CB_Phone_ID_1137,,   0757-82348901 85239085
CB_Phone_ID_1138,,   0533-8176588
CB_Phone_ID_1139,,   021-66312990 66319318
CB_Phone_ID_1140,,   0512-53293375
CB_Phone_ID_1141,,   +86 (21) 5093-6668
CB_Phone_ID_1142,,   021-64251924
CB_Phone_ID_1143,,   0510-87505222
CB_Phone_ID_1144,,   025-85321434 85323128
CB_Phone_ID_1145,,   0513-81296788
CB_Phone_ID_1146,,   0519-88810400 88256266 88250200
CB_Phone_ID_1147,,   86 021-51923890
CB_Phone_ID_1148,,   0550-2363968
CB_Phone_ID_1149,,   0514-6501124
CB_Phone_ID_1150,,   0510-80711901-8001
CB_Phone_ID_1151,,+8615900491054    21-021-58000709
CB_Phone_ID_1152,,+8618721550091    021-021-18721550-091
CB_Phone_ID_1153,,   0510-87542658
CB_Phone_ID_1154,,13953148568
CB_Phone_ID_1155,,   021-39127857
CB_Phone_ID_1156,,   021-67830012
CB_Phone_ID_1157,,13391235085    021-31261285
CB_Phone_ID_1158,,   0536-8371918
CB_Phone_ID_1159,,15949267094    0510-80776682
CB_Phone_ID_1160,,   0533-3585926
CB_Phone_ID_1161,,18611897322    010-59484199
CB_Phone_ID_1162,,   028-86082869
CB_Phone_ID_1163,,   0086-21-61073808
CB_Phone_ID_1164,,   0510-85800255 85806171
CB_Phone_ID_1165,,   021-59940388
CB_Phone_ID_1166,,   025-84691959
CB_Phone_ID_1167,,   0574-86503602
CB_Phone_ID_1168,,8.61581E+12
CB_Phone_ID_1169,,8.61735E+12
CB_Phone_ID_1170,,   021-66124114
CB_Phone_ID_1171,,   020-82551033
CB_Phone_ID_1172,,   021-34661275
CB_Phone_ID_1173,,+8613717124449    0755-36694831
CB_Phone_ID_1174,,+8615053330977    533-2119995
CB_Phone_ID_1175,,+8617767106207    0571-81025280
CB_Phone_ID_1176,,8.61358E+12
CB_Phone_ID_1177,,   025- 52346877
CB_Phone_ID_1178,,18927568969    020-020-39119399
CB_Phone_ID_1179,,17365378613    0512-0512-65649061
CB_Phone_ID_1180,,+8618151214939    0519-0519-83534936
CB_Phone_ID_1181,,13020863400
CB_Phone_ID_1182,,   +86-519-85066518 86803388
CB_Phone_ID_1183,,   0512-66658588 66658898
CB_Phone_ID_1184,,   0519-82619833
CB_Phone_ID_1185,,   0513-85250786
CB_Phone_ID_1186,,   021-62313806 62313801
CB_Phone_ID_1187,,   0519-87190111
CB_Phone_ID_1188,,   021-62673642
CB_Phone_ID_1189,,   0851-5217097 13511983931
CB_Phone_ID_1190,,   0510-87557980
CB_Phone_ID_1191,,   0510-83558888
CB_Phone_ID_1192,,   0530-8851518
CB_Phone_ID_1193,,   0512-55272066
CB_Phone_ID_1194,,   86 0532 85827818
CB_Phone_ID_1195,,15721252604    21-21-31038972
CB_Phone_ID_1196,,+86    28-85433893
CB_Phone_ID_1197,,8.61995E+12
CB_Phone_ID_1198,,18830026139
CB_Phone_ID_1199,,8.61334E+12
CB_Phone_ID_1200,,+8613651234369    010-89340150
CB_Phone_ID_1201,,+8613153172728    0531-58668199
CB_Phone_ID_1202,,+8618852406663    0512-0512-85557988
CB_Phone_ID_1203,,+8619307246857    0724-4355788
CB_Phone_ID_1204,,   0517-87800020
CB_Phone_ID_1205,,   0515-84382478
CB_Phone_ID_1206,,   021-58999639
CB_Phone_ID_1207,,8.6159E+12
CB_Phone_ID_1208,,+12135480471    1-2135480471
CB_Phone_ID_1209,,+8613211707573    0871-0871-65217109
CB_Phone_ID_1210,,13512258274    022-022-60987737
CB_Phone_ID_1211,,+8618652728585    0523-18601685
CB_Phone_ID_1212,,13391076197
CB_Phone_ID_1213,,+8615318528770    0539-0539-5636807
CB_Phone_ID_1214,,18140172005    028-028-85755578
CB_Phone_ID_1215,,15800915896    021-021-58111628
CB_Phone_ID_1216,,15001899038
CB_Phone_ID_1217,,13853550371
CB_Phone_ID_1218,,   028-85335825
CB_Phone_ID_1219,,   025-83172646
CB_Phone_ID_1220,,   86-0519-81691620
CB_Phone_ID_1221,,   025-83172562 83172563
CB_Phone_ID_1222,,   86-831-2851681 2850265 13990965265
CB_Phone_ID_1223,,   +86-21-50189162
CB_Phone_ID_1224,,   +86 (512) 8542-8658
CB_Phone_ID_1225,,   0512-0512-62857507
CB_Phone_ID_1226,,18628235590
CB_Phone_ID_1227,,+8613435114148    0751-2818792
CB_Phone_ID_1228,,13674959855
CB_Phone_ID_1229,,13685222090    0519-0519-68985668
CB_Phone_ID_1230,,+8618108052721    028-028-028-81700200
CB_Phone_ID_1231,,13651960330    013651960330
CB_Phone_ID_1232,,+8618017383231    021-50430803
CB_Phone_ID_1233,,+8618602735115    027-83778895
CB_Phone_ID_1234,,8.61391E+12
CB_Phone_ID_1235,,18642120371    13552411355
CB_Phone_ID_1236,,   +86-418-8185066
CB_Phone_ID_1237,,   0871-65217109
CB_Phone_ID_1238,,8.61365E+12
CB_Phone_ID_1239,,8.61304E+12
CB_Phone_ID_1240,,-18536635949
CB_Phone_ID_1241,,-33264627359
CB_Phone_ID_1242,,8.61308E+12
CB_Phone_ID_1243,,-15013270243
CB_Phone_ID_1244,,8.61569E+12
CB_Phone_ID_1245,,+86    20-38033341
CB_Phone_ID_1246,,13167252998    21-20980300
CB_Phone_ID_1247,,8.61932E+12
CB_Phone_ID_1248,,8.61813E+12
CB_Phone_ID_1249,,+8618629577295    029-029-84161958
CB_Phone_ID_1250,,8.61882E+12
CB_Phone_ID_1251,,8.61353E+12
CB_Phone_ID_1252,,8.61671E+12
CB_Phone_ID_1253,,18932722228
CB_Phone_ID_1254,,   +86-760-87952013
CB_Phone_ID_1255,,13568869383    028-028-84502008
CB_Phone_ID_1256,,18980782991    028-028-82093588
CB_Phone_ID_1257,,8.61512E+12
CB_Phone_ID_1258,,18037465274    037188900765
CB_Phone_ID_1259,,+8618737195735    0371-0371-55289822
CB_Phone_ID_1260,,"+8615021598081    15021598081,571034478"
CB_Phone_ID_1261,,8.61982E+12
CB_Phone_ID_1262,,   0573-828136398362133513605839392
CB_Phone_ID_1263,,15116916250    15210893940
CB_Phone_ID_1264,,+8617312129391    18133036060
CB_Phone_ID_1265,,8.61382E+12
CB_Phone_ID_1266,,8613904096939    0411-84820922
CB_Phone_ID_1267,,18055277008    0552-0552-4929304
CB_Phone_ID_1268,,8.61805E+12
CB_Phone_ID_1269,,+86+8618651653755    025-+86-025-025-85281586
CB_Phone_ID_1270,,+8618858568638    86-+86-19189228086
CB_Phone_ID_1271,,   0715-6597222
CB_Phone_ID_1272,,   86-311-80740929
CB_Phone_ID_1273,,18913388297    025-025-83208295
CB_Phone_ID_1274,,   86-571-87635621
CB_Phone_ID_1275,,18652936633
CB_Phone_ID_1276,,   86-571-85270505
CB_Phone_ID_1277,,   0319-7228111
CB_Phone_ID_1278,,   86-571-81693899
CB_Phone_ID_1279,,   021-5859266218916095046
CB_Phone_ID_1280,,   024-78826666
CB_Phone_ID_1281,,   86-519-2651640
CB_Phone_ID_1282,,   025-8326935983269360
CB_Phone_ID_1283,,   0519-83317517
CB_Phone_ID_1284,,   0519-88781339 88781340
CB_Phone_ID_1285,,   0512-51533655
CB_Phone_ID_1286,,   0531-66593191 58618582 13082737003
CB_Phone_ID_1287,,   0311-83597265
CB_Phone_ID_1288,,   025-58392388
CB_Phone_ID_1289,,13968131165    0571-64701316
CB_Phone_ID_1290,,   +86-21-6427-9170
CB_Phone_ID_1291,,   0523-87671460
CB_Phone_ID_1292,,13478082555    0412-3552912
CB_Phone_ID_1293,,   86-0319-7228111
CB_Phone_ID_1294,,13861061513
CB_Phone_ID_1295,,13053635179
CB_Phone_ID_1296,,   +86-519-86131077
CB_Phone_ID_1297,,13506405255
CB_Phone_ID_1298,,   0519-86621568
CB_Phone_ID_1299,,15842007188    400-0412008
CB_Phone_ID_1300,,+8613515618601    0561-2337889
CB_Phone_ID_1301,,8.61885E+12
CB_Phone_ID_1302,,+8613813691203    0519-89996110
CB_Phone_ID_1303,,+8613761402923    0514-82098883
CB_Phone_ID_1304,,8.61327E+12
CB_Phone_ID_1305,,+8618221934698    021-18221934698
CB_Phone_ID_1306,,+8615387090420    027-81625225
CB_Phone_ID_1307,,+8615620955089    022-022-88195255
CB_Phone_ID_1308,,8.61564E+12
CB_Phone_ID_1309,,8.61801E+12
CB_Phone_ID_1310,,+8618971341812    027-027-81625225
CB_Phone_ID_1311,,13952668960
CB_Phone_ID_1312,,13601508551
CB_Phone_ID_1313,,13904015126
CB_Phone_ID_1314,,13382782176    025-58758989
CB_Phone_ID_1315,,   0574-86282088
CB_Phone_ID_1316,,13385467508
CB_Phone_ID_1317,,   021-56072961
CB_Phone_ID_1318,,   0953-3601222
CB_Phone_ID_1319,,13805334245
CB_Phone_ID_1320,,   021-64695700
CB_Phone_ID_1321,,+8618027310741    021-64705760
CB_Phone_ID_1322,,13235180880    0519-83123780
CB_Phone_ID_1323,,+86    25-+undefined-86-25-86655873
CB_Phone_ID_1324,,8.61993E+12
CB_Phone_ID_1325,,8.61539E+12
CB_Phone_ID_1326,,+8613914714331    025-025-86639253
CB_Phone_ID_1327,,   0512-52793606
CB_Phone_ID_1328,,   0527-84836100
CB_Phone_ID_1329,,   0523-86297969 86297269 18252654655
CB_Phone_ID_1330,,13586080796    576-576-88312588
CB_Phone_ID_1331,,15827092998
CB_Phone_ID_1332,,18551584691    0512-65911226
CB_Phone_ID_1333,,   0311-67663783 85356878
CB_Phone_ID_1334,,   0512-52790332
CB_Phone_ID_1335,,58353739
CB_Phone_ID_1336,,+8615169509006    0536-5316600
CB_Phone_ID_1337,,8.61665E+12
CB_Phone_ID_1338,,18916172912    021-021-69568360
CB_Phone_ID_1339,,8.61767E+12
CB_Phone_ID_1340,,+8615051521170    0512-0512-65911226
CB_Phone_ID_1341,,+8617719817155    0371-0371-0371-61318675
CB_Phone_ID_1342,,   15805338879 15805338817
CB_Phone_ID_1343,,   021-61483491
CB_Phone_ID_1344,,   027-82609017 13971342059
CB_Phone_ID_1345,,15538076971    0371-0371-65522997
CB_Phone_ID_1346,,+8618971624303    027-87892839
CB_Phone_ID_1347,,   0592-5333280
CB_Phone_ID_1348,,   0592-6515068
CB_Phone_ID_1349,,   +86 (571) 8286-5966
CB_Phone_ID_1350,,   0086 21 6102 6715
CB_Phone_ID_1351,,   021-61838522
CB_Phone_ID_1352,,   021-67601597
CB_Phone_ID_1353,,+8618991956726    029-029-81339359
CB_Phone_ID_1354,,8.61816E+12
CB_Phone_ID_1355,,+86    021-021-51320588
CB_Phone_ID_1356,,   86-0571-64149257 64738272
CB_Phone_ID_1357,,   86-0571-64149257 64148014
CB_Phone_ID_1358,,13921613169    0515-83705388 87883448
CB_Phone_ID_1359,,   025-58933903
CB_Phone_ID_1360,,8.61334E+12
CB_Phone_ID_1361,,+8613375559818    133-133-75559818
CB_Phone_ID_1362,,   0517-86982798
CB_Phone_ID_1363,,15221126179    021-021-61052090
CB_Phone_ID_1364,,13383857418    0371-0371-60919097
CB_Phone_ID_1365,,8.61812E+12
CB_Phone_ID_1366,,8.61359E+12
CB_Phone_ID_1367,,+8615921516558    021-58930698
CB_Phone_ID_1368,,+8618327326525    027-87215551
CB_Phone_ID_1369,,   86-573-82071082
CB_Phone_ID_1370,,   86-755-85269922
CB_Phone_ID_1371,,8.61899E+12
CB_Phone_ID_1372,,   021-65542229
CB_Phone_ID_1373,,   021-51159199
CB_Phone_ID_1374,,   0510-82606408
CB_Phone_ID_1375,,   0086-29-88315623
CB_Phone_ID_1376,,   021-68591985
CB_Phone_ID_1377,,   0515-84383826
CB_Phone_ID_1378,,   0852-81330774
CB_Phone_ID_1379,,   0576-88827561
CB_Phone_ID_1380,,   86-571-88152630 88148566
CB_Phone_ID_1381,,+8618938635012    0755-0755-85201366
CB_Phone_ID_1382,,+8618327179646    027-027-027-59207795
CB_Phone_ID_1383,,+8615871722230    027-027-52344656
CB_Phone_ID_1384,,+8618051886391    021-54370211
CB_Phone_ID_1385,,8.61507E+12
CB_Phone_ID_1386,,+8618892239720    010-60605840
CB_Phone_ID_1387,,15527250409
CB_Phone_ID_1388,,18627915365    027-027-83989310
CB_Phone_ID_1389,,+8617720532645    027-027-83984790
CB_Phone_ID_1390,,+8613125137661    027-027-59101766
CB_Phone_ID_1391,,+8613125137732    027-027-59105166
CB_Phone_ID_1392,,8.61817E+12
CB_Phone_ID_1393,,+8618024089271    020-82000279
CB_Phone_ID_1394,,8.61813E+12
CB_Phone_ID_1395,,8.61827E+12
CB_Phone_ID_1396,,8.61995E+12
CB_Phone_ID_1397,,   021-58322859
CB_Phone_ID_1398,,   400-800-8151
CB_Phone_ID_1399,,   0512-63371057 63372265
CB_Phone_ID_1400,,   86-025-85818180
CB_Phone_ID_1401,,   +86-576-88827580
CB_Phone_ID_1402,,13816772122    021-51602548
CB_Phone_ID_1403,,   020-84224925 18300190102
CB_Phone_ID_1404,,   400-800-8151 13651185998
CB_Phone_ID_1405,,15921420262
CB_Phone_ID_1406,,15346180516    021-31039994
CB_Phone_ID_1407,,15201736385    021-59963601
CB_Phone_ID_1408,,13585831301    021-60443211
CB_Phone_ID_1409,,+8618083322317    18995560451
CB_Phone_ID_1410,,-15103255203
CB_Phone_ID_1411,,8.61772E+12
CB_Phone_ID_1412,,+86    021-021-51698675
CB_Phone_ID_1413,,+8613540204019    028-60911900
CB_Phone_ID_1414,,18019359838
CB_Phone_ID_1415,,18939837085
CB_Phone_ID_1416,,+8613120882795    021-021-34621078
CB_Phone_ID_1417,,8.61876E+12
CB_Phone_ID_1418,,+8613155353615    025-025-66110311
CB_Phone_ID_1419,,   021-51701617 18964538286 13916717230
CB_Phone_ID_1420,,   +86 (21) 5291-2919 / 5204-5380 / 5204-5370
CB_Phone_ID_1421,,   +86 (571) 8618-1537 / 1253
CB_Phone_ID_1422,,+864000665055    021-50795510
CB_Phone_ID_1423,,   +86-0310-8067599
CB_Phone_ID_1424,,   86-0532-86893005
CB_Phone_ID_1425,,   022-59891255 59891266
CB_Phone_ID_1426,,   020-84382888
CB_Phone_ID_1427,,   010-84887500
CB_Phone_ID_1428,,   0543-2170111
CB_Phone_ID_1429,,   0531-88796469
CB_Phone_ID_1430,,   010-52459739 51668423
CB_Phone_ID_1431,,   0451-82368478.13946103882
CB_Phone_ID_1432,,   0519-88120860
CB_Phone_ID_1433,,13818803645
CB_Phone_ID_1434,,   0532-83800858 18854214375
CB_Phone_ID_1435,,   021-56674081
CB_Phone_ID_1436,,18854214375    0532-83800878
CB_Phone_ID_1437,,   0570-8588288
CB_Phone_ID_1438,,+8618086046872    27-27-84888682
CB_Phone_ID_1439,,13869889563    0532-82810126
CB_Phone_ID_1440,,   010-85895316 85895316 85890267
CB_Phone_ID_1441,,   0571-86897418
CB_Phone_ID_1442,,17600588818    010-010-80236392
CB_Phone_ID_1443,,8.61569E+12
CB_Phone_ID_1444,,13210588999    0531-0531-88773586
CB_Phone_ID_1445,,8.6199E+12
CB_Phone_ID_1446,,+8618615221057    0531-0531-0531-68824182
CB_Phone_ID_1447,,8.61881E+12
CB_Phone_ID_1448,,+8618790163333    158-0397
CB_Phone_ID_1449,,15206410000
CB_Phone_ID_1450,,   0570-8872169
CB_Phone_ID_1451,,13915065922    0519-88879336
CB_Phone_ID_1452,,   +86-531-88683782 13964019903
CB_Phone_ID_1453,,8.61764E+12
CB_Phone_ID_1454,,+8618826483838    86-18148706580
CB_Phone_ID_1455,,8.61903E+12
CB_Phone_ID_1456,,   +86-18120578002
CB_Phone_ID_1457,,+undefined18013301590    02584699383
CB_Phone_ID_1458,,   86-025-52176286
CB_Phone_ID_1459,,   +86-512-68026040
CB_Phone_ID_1460,,15366059326    025-85499326
CB_Phone_ID_1461,,   0731-89922183
CB_Phone_ID_1462,,   0571-85857188
CB_Phone_ID_1463,,   010-87204716
CB_Phone_ID_1464,,   022-27979001
CB_Phone_ID_1465,,   0532-848850998486159984066657
CB_Phone_ID_1466,,   021-61076907
CB_Phone_ID_1467,,   025-57050535
CB_Phone_ID_1468,,   021-66083127 66083125
CB_Phone_ID_1469,,   0357-6663444
CB_Phone_ID_1470,,   025-85630363 85630129
CB_Phone_ID_1471,,   0510-86205168
CB_Phone_ID_1472,,13701008127
CB_Phone_ID_1473,,   0519-88808369
CB_Phone_ID_1474,,"   0731-83998537,83998545"
CB_Phone_ID_1475,,18006408869    0531-66581077
CB_Phone_ID_1476,,   0543-2277989
CB_Phone_ID_1477,,   0531-55625277
CB_Phone_ID_1478,,   0536-6773006
CB_Phone_ID_1479,,   0371-67681266
CB_Phone_ID_1480,,13390786228    025-85438448
CB_Phone_ID_1481,,   021-56138400
CB_Phone_ID_1482,,   0310-3618678
CB_Phone_ID_1483,,   021-62999730
CB_Phone_ID_1484,,13908657697
CB_Phone_ID_1485,,   0510-82305996
CB_Phone_ID_1486,,   0546-7763136
CB_Phone_ID_1487,,   86-592-5992196 86-592-5992105
CB_Phone_ID_1488,,   86-311-68033156
CB_Phone_ID_1489,,+8618014392889    0513-0513-0513-89158300
CB_Phone_ID_1490,,18217752821    021-021-61998208
CB_Phone_ID_1491,,+8618086404407    027-17340521416//18086404407
CB_Phone_ID_1492,,8.61911E+12
CB_Phone_ID_1493,,8.61808E+12
CB_Phone_ID_1494,,18839185240
CB_Phone_ID_1495,,13306607903
CB_Phone_ID_1496,,+8613132141716    022-022-85689490
CB_Phone_ID_1497,,8.61866E+12
CB_Phone_ID_1498,,13701565306
CB_Phone_ID_1499,,15261443398
CB_Phone_ID_1500,,   0533-7603599
CB_Phone_ID_1501,,   021-54960076
CB_Phone_ID_1502,,   0311-85155905
CB_Phone_ID_1503,,2242184218
CB_Phone_ID_1504,,13176001601
CB_Phone_ID_1505,,+8616628886292    861662888629
CB_Phone_ID_1506,,8.61887E+12
CB_Phone_ID_1507,,+8613953676784    536-536-8266195
CB_Phone_ID_1508,,8.61753E+12
CB_Phone_ID_1509,,+8613774248860    400-400-1125320
CB_Phone_ID_1510,,+8613155353615    025-025-66113011
CB_Phone_ID_1511,,"   010-52350325,35,45"
CB_Phone_ID_1512,,18919927361
CB_Phone_ID_1513,,15377672552    027-83214668
CB_Phone_ID_1514,,15861782979    0517-0517-83966898
CB_Phone_ID_1515,,+8618951783565    025-87138562
CB_Phone_ID_1516,,8.61897E+12
CB_Phone_ID_1517,,+8615112530219    0755-0755-0755-28609002
CB_Phone_ID_1518,,8.61333E+12
CB_Phone_ID_1519,,+8618902014291    022-022-18902014291
CB_Phone_ID_1520,,17317130613    +86-021-3875-5155
CB_Phone_ID_1521,,+undefined15171477138    13071211027
CB_Phone_ID_1522,,+8615858229168    0571-87635730
CB_Phone_ID_1523,,+undefined+undefined17756524438    0553-+undefined-0553-8233716-802
CB_Phone_ID_1524,,+86+8618112881323    86-+86-051985861892
CB_Phone_ID_1525,,+8617702909819    86-+86-86-029-87551862
CB_Phone_ID_1526,,13971178775    027-027-84235352
CB_Phone_ID_1527,,18064088908    027-027-87182908
CB_Phone_ID_1528,,+8615671591110    027-027-65381247
CB_Phone_ID_1529,,   0531-88989535
CB_Phone_ID_1530,,13389949386
CB_Phone_ID_1531,,   021-69180038
CB_Phone_ID_1532,,18918697718    21-21-64961388
CB_Phone_ID_1533,,15355115930    0574-0574-88327552
CB_Phone_ID_1534,,+8617771822910    027-027-65385071
CB_Phone_ID_1535,,8.61322E+12
CB_Phone_ID_1536,,8.61519E+12
CB_Phone_ID_1537,,   027-87737261
CB_Phone_ID_1538,,   025-84280511
CB_Phone_ID_1539,,   028-87578473
CB_Phone_ID_1540,,   0536-8885548
CB_Phone_ID_1541,,   0513-87839862
CB_Phone_ID_1542,,   027-87525043
CB_Phone_ID_1543,,   025-84391590
CB_Phone_ID_1544,,   0316-735501618632660479
CB_Phone_ID_1545,,   86 021 52303877 13817839869
CB_Phone_ID_1546,,   0512-57790114
CB_Phone_ID_1547,,13871428590
CB_Phone_ID_1548,,   0795-2901650
CB_Phone_ID_1549,,   0713-846388883314626
CB_Phone_ID_1550,,87585888
CB_Phone_ID_1551,,   022-28729750
CB_Phone_ID_1552,,   027-87308300
CB_Phone_ID_1553,,   0791-85705085 13807914829
CB_Phone_ID_1554,,   027-63197789
CB_Phone_ID_1555,,13971678647
CB_Phone_ID_1556,,   027-82200625
CB_Phone_ID_1557,,   0536-5588559
CB_Phone_ID_1558,,   0536-5614160
CB_Phone_ID_1559,,   0714-3072282
CB_Phone_ID_1560,,+8615383217823    0311-0311-89683399
CB_Phone_ID_1561,,"+8615207106154    027-027-87879183,027-87633098"
CB_Phone_ID_1562,,18930822973    021-021-58958002
CB_Phone_ID_1563,,8.61911E+12
CB_Phone_ID_1564,,18186610332    027-027-63497939
CB_Phone_ID_1565,,8.61521E+12
CB_Phone_ID_1566,,+8615105445095    0536-0536-8790166
CB_Phone_ID_1567,,+8615862625988    0512-+86-512-58813106
CB_Phone_ID_1568,,18062681621    027-027-59225746
CB_Phone_ID_1569,,15895968936
CB_Phone_ID_1570,,+8618086641195    027-027-87382885
CB_Phone_ID_1571,,+8618062309155    0711-0711-3812399
CB_Phone_ID_1572,,+8618120462897    027-027-68897569
CB_Phone_ID_1573,,+8618062294810    0714-6395977
CB_Phone_ID_1574,,8.61341E+12
CB_Phone_ID_1575,,+8613032431717    0427-6572122
CB_Phone_ID_1576,,+8618100103827    022-82103883
CB_Phone_ID_1577,,+8619122915778    023
CB_Phone_ID_1578,,8.61585E+12
CB_Phone_ID_1579,,+8613986003271    027-87887055
CB_Phone_ID_1580,,8.61534E+12
CB_Phone_ID_1581,,+8613329926518    0714-6395977
CB_Phone_ID_1582,,   027-87560918
CB_Phone_ID_1583,,13402137219    021-52900308
CB_Phone_ID_1584,,   021-62457717
CB_Phone_ID_1585,,   0533-7580220
CB_Phone_ID_1586,,13912203892    021-66310875
CB_Phone_ID_1587,,+8618562606086    0532-0532-0532-86867058
CB_Phone_ID_1588,,   532-532-86898076
CB_Phone_ID_1589,,   021-33927743
CB_Phone_ID_1590,,   025-85331029
CB_Phone_ID_1591,,   025-83218065
CB_Phone_ID_1592,,   0532-68979884
CB_Phone_ID_1593,,   020-86462667
CB_Phone_ID_1594,,15995066920    0519-6878-1297
CB_Phone_ID_1595,,   4006667109 18553232552
CB_Phone_ID_1596,,15706427184    0532-80983655
CB_Phone_ID_1597,,13657243668    027-027-84492310
CB_Phone_ID_1598,,   0533-5281018
CB_Phone_ID_1599,,8.61805E+12
CB_Phone_ID_1600,,8.61571E+12
CB_Phone_ID_1601,,+8615195660023    512-83500002
CB_Phone_ID_1602,,   0533-6200353
CB_Phone_ID_1603,,18701098095
CB_Phone_ID_1604,,400-005-6266    021-021-58432009
CB_Phone_ID_1605,,8.61526E+12
CB_Phone_ID_1606,,18990175493    0816-18990175493
CB_Phone_ID_1607,,+8618019359838    086-021-37596619
CB_Phone_ID_1608,,8.61587E+12
CB_Phone_ID_1609,,   +86 13513711610
CB_Phone_ID_1610,,13739298932
CB_Phone_ID_1611,,13905170631    025-85573482
CB_Phone_ID_1612,,   86-0755-82226643 82192202
CB_Phone_ID_1613,,   0531-88873473 88873472 88873471
CB_Phone_ID_1614,,   +886 (6) 636-1516
CB_Phone_ID_1615,,   86-0571-26267133
CB_Phone_ID_1616,,   86-532-87683902
CB_Phone_ID_1617,,+8619136088901    028-83243028
CB_Phone_ID_1618,,13429867250    027-027-59207796
CB_Phone_ID_1619,,   0574-56112505
CB_Phone_ID_1620,,+86    532-83657313
CB_Phone_ID_1621,,13956024211    0551-0551-68933033
CB_Phone_ID_1622,,13966060073    0552-3068102
CB_Phone_ID_1623,,   021-32092626-416
CB_Phone_ID_1624,,   +86 (29) 8118-7133
CB_Phone_ID_1625,,+8618137891487    0371-0371-55051623
CB_Phone_ID_1626,,   021-32092626-41
CB_Phone_ID_1627,,8.61807E+12
CB_Phone_ID_1628,,   86 137 5756 8585
CB_Phone_ID_1629,,   0513-89158300
CB_Phone_ID_1630,,   0710-2398195
CB_Phone_ID_1631,,   021-68451550
CB_Phone_ID_1632,,   021-54706830 54717906
CB_Phone_ID_1633,,   0571-88223276
CB_Phone_ID_1634,,8.61356E+12
CB_Phone_ID_1635,,8.6312E+11
CB_Phone_ID_1636,,+8617307457092    0745-2866862
CB_Phone_ID_1637,,   021-58993001
CB_Phone_ID_1638,,18576854185
CB_Phone_ID_1639,,18906120011
CB_Phone_ID_1640,,+66841871897    027-87896938
CB_Phone_ID_1641,,13918097649    021-021-20432219
CB_Phone_ID_1642,,18217084087    021-021-31115312
CB_Phone_ID_1643,,15869524721
CB_Phone_ID_1644,,15066123231    15066123231
CB_Phone_ID_1645,,8.61595E+12
CB_Phone_ID_1646,,   86-536-8522923
CB_Phone_ID_1647,,   86-51986371843
CB_Phone_ID_1648,,+8613372112871    0512-66317708
CB_Phone_ID_1649,,15380475813
CB_Phone_ID_1650,,8.61827E+12
CB_Phone_ID_1651,,   025-89691799
CB_Phone_ID_1652,,   021-69591149
CB_Phone_ID_1653,,   0523-86200346
CB_Phone_ID_1654,,+8615312551983    051989185693
CB_Phone_ID_1655,,15869028377
CB_Phone_ID_1656,,   0519-82892816
CB_Phone_ID_1657,,   0536-5456769
CB_Phone_ID_1658,,   0519-86332086
CB_Phone_ID_1659,,   +86 (536) 545-6190
CB_Phone_ID_1660,,8.61811E+12
CB_Phone_ID_1661,,8.61863E+12
CB_Phone_ID_1662,,   0515-88876168
CB_Phone_ID_1663,,18516310516    021-16621358918
CB_Phone_ID_1664,,13901628252    021-66313386
CB_Phone_ID_1665,,   0536-8885543 13792697290
CB_Phone_ID_1666,,   021-66313386 66313808
CB_Phone_ID_1667,,   86-020-81587139 81893419
CB_Phone_ID_1668,,   +86 512 57397008
CB_Phone_ID_1669,,+8613701896116    0530-8599699
CB_Phone_ID_1670,,+8619396072537    19396072537ï¼›19396072701
CB_Phone_ID_1671,,+8613585932672    021-021-58380326
CB_Phone_ID_1672,,   0731-22292033
CB_Phone_ID_1673,,   86-576-86123635
CB_Phone_ID_1674,,   0199-73945045
CB_Phone_ID_1675,,18769708263
CB_Phone_ID_1676,,8.61782E+12
CB_Phone_ID_1677,,13660798926    0519-0519-85269522
CB_Phone_ID_1678,,   25-8317486
CB_Phone_ID_1679,,   0572-8276516
CB_Phone_ID_1680,,   0086-519-82337678 (0)13906146788
CB_Phone_ID_1681,,   021-59588367
CB_Phone_ID_1682,,   86-0515-88203699
CB_Phone_ID_1683,,   021-68072181
CB_Phone_ID_1684,,   86-022-26736290
CB_Phone_ID_1685,,   0515-84383307 88383188
CB_Phone_ID_1686,,   0512-53413633 53414911
CB_Phone_ID_1687,,   0516-87665951 83963237
CB_Phone_ID_1688,,   021-37285141 57350620
CB_Phone_ID_1689,,   +86(21)6591-5306/+8613917567789
CB_Phone_ID_1690,,   0536-5660088
CB_Phone_ID_1691,,   0515-89711079
CB_Phone_ID_1692,,   +86-571-8882-3979
CB_Phone_ID_1693,,   +86-519-82751350
CB_Phone_ID_1694,,+86-18017016373    021-+86-021-58380978
CB_Phone_ID_1695,,+8615021268886    021-021-60451683
CB_Phone_ID_1696,,15862165686    0516-87665951
CB_Phone_ID_1697,,18942922096
CB_Phone_ID_1698,,8.61359E+12
CB_Phone_ID_1699,,+8618917565227    021-54326183
CB_Phone_ID_1700,,8.61573E+12
CB_Phone_ID_1701,,8.61359E+12
CB_Phone_ID_1702,,+8613554206703    027-027-65528353
CB_Phone_ID_1703,,13814793322
CB_Phone_ID_1704,,18606220666
CB_Phone_ID_1705,,13901490061
CB_Phone_ID_1706,,8.61859E+12
CB_Phone_ID_1707,,8.61995E+12
CB_Phone_ID_1708,,18969316891    0573-0573-11111111-1111
CB_Phone_ID_1709,,8.61862E+12
CB_Phone_ID_1710,,+8613795219287    021-021-021-31663258
CB_Phone_ID_1711,,+8617392779578    029-029-2148545164
CB_Phone_ID_1712,,8.61872E+12
CB_Phone_ID_1713,,13918097649    021-20432219
CB_Phone_ID_1714,,   0531-87153728
CB_Phone_ID_1715,,4009977666
CB_Phone_ID_1716,,+8613853655610    536-0536-8865336
CB_Phone_ID_1717,,   536-5332378
CB_Phone_ID_1718,,   86-536-8251229 8251339
CB_Phone_ID_1719,,   0086-518-83618518
CB_Phone_ID_1720,,   025-84788580
CB_Phone_ID_1721,,   0512-53409660
CB_Phone_ID_1722,,+86+8618530059196    0371
CB_Phone_ID_1723,,   86-571-88925295 88920965
CB_Phone_ID_1724,,   +86-571- 87859231
CB_Phone_ID_1725,,+8618074210286    0574-0574-87365517
CB_Phone_ID_1726,,13766287383    0796-0796-8107286
CB_Phone_ID_1727,,   0378-7293269
CB_Phone_ID_1728,,   0513-82751999
CB_Phone_ID_1729,,   021-54262601
CB_Phone_ID_1730,,13564690945    021-65609709
CB_Phone_ID_1731,,   86-021-61086350
CB_Phone_ID_1732,,   021-51200312
CB_Phone_ID_1733,,   0512-57472688
CB_Phone_ID_1734,,   86-020-3868 6368
CB_Phone_ID_1735,,   00852-59360531
CB_Phone_ID_1736,,13585647775    021-56354726
CB_Phone_ID_1737,,   86-731-4746322 4713015 478725565293
CB_Phone_ID_1738,,   86-021-66140529 66143573
CB_Phone_ID_1739,,+8615386497078    0731-85561037
CB_Phone_ID_1740,,+8615324716602    0371-0371-55013243
CB_Phone_ID_1741,,8.61831E+12
CB_Phone_ID_1742,,+8618117107507    021-59167510
CB_Phone_ID_1743,,+8618979604038    0796-0796-828-2352
CB_Phone_ID_1744,,+8618162969855    0755-18162969855
CB_Phone_ID_1745,,+8613349903920    13349903920
CB_Phone_ID_1746,,13905318421
CB_Phone_ID_1747,,   021-62414096
CB_Phone_ID_1748,,   020-87326381
CB_Phone_ID_1749,,   +86-576-85993420
CB_Phone_ID_1750,,18000269172
CB_Phone_ID_1751,,   +86 (10) 8466-9753
CB_Phone_ID_1752,,+8613393710386    0371-53736046
CB_Phone_ID_1753,,+8618925113981    189-25112307
CB_Phone_ID_1754,,18622448868
CB_Phone_ID_1755,,13052188602
CB_Phone_ID_1756,,400-0918-500   
CB_Phone_ID_1757,,13788995069    021-64133189
CB_Phone_ID_1758,,13701175252    010-68863056
CB_Phone_ID_1759,,   025-87139386
CB_Phone_ID_1760,,18019263206    021-58116080
CB_Phone_ID_1761,,   400-811-9081 13681619662
CB_Phone_ID_1762,,18616021677    021-34661276
CB_Phone_ID_1763,,   021-50840550
CB_Phone_ID_1764,,   0592-6020891
CB_Phone_ID_1765,,   86-519-68952014
CB_Phone_ID_1766,,   +86 (21) 6097-7429
CB_Phone_ID_1767,,   +86 (21) 6131-5895
CB_Phone_ID_1768,,+8615829046862    029-61856358
CB_Phone_ID_1769,,15523000485    13650506873
CB_Phone_ID_1770,,   +86-571-87216831
CB_Phone_ID_1771,,13964502016    0535-5570816
CB_Phone_ID_1772,,13706140298    0518-88581638
CB_Phone_ID_1773,,   0535-6732098
CB_Phone_ID_1774,,   021-33926680
CB_Phone_ID_1775,,18117455885
CB_Phone_ID_1776,,+8613545198479    027-5234
CB_Phone_ID_1777,,   +86ï¼ˆ571ï¼‰8533-5020
CB_Phone_ID_1778,,8.61332E+12
CB_Phone_ID_1779,,   0519-88669391
CB_Phone_ID_1780,,   0512-50331135
CB_Phone_ID_1781,,   0519-86305268
CB_Phone_ID_1782,,   0570-3062289 3062502
CB_Phone_ID_1783,,   86 0571 88212350
CB_Phone_ID_1784,,13644186931
CB_Phone_ID_1785,,   0519-85155810
CB_Phone_ID_1786,,   +86-576-88517047
CB_Phone_ID_1787,,   0573-86611193
CB_Phone_ID_1788,,   +86-512-57455111
CB_Phone_ID_1789,,   0710-3115907
CB_Phone_ID_1790,,+8613395316108    0531-83179999
CB_Phone_ID_1791,,8.61507E+12
CB_Phone_ID_1792,,8.61885E+12
CB_Phone_ID_1793,,8.61506E+12
CB_Phone_ID_1794,,15927262683
CB_Phone_ID_1795,,13382952762    0518-85772786
CB_Phone_ID_1796,,15861919300
CB_Phone_ID_1797,,8.61857E+12
CB_Phone_ID_1798,,13952020641    025-18066080842
CB_Phone_ID_1799,,18601603956    021-54382182
CB_Phone_ID_1800,,80190155
CB_Phone_ID_1801,,+8618268897534    0571-0571-68897534
CB_Phone_ID_1802,,8.61379E+12
CB_Phone_ID_1803,,+8613854547682    15065715832
CB_Phone_ID_1804,,+8613482353728    021-61469567
CB_Phone_ID_1805,,13951303301
CB_Phone_ID_1806,,8.61867E+12
CB_Phone_ID_1807,,18982287581    028-028-87925786
CB_Phone_ID_1808,,+8613986148687    027-027-86697669
CB_Phone_ID_1809,,+8618751140360    0512-65885589
CB_Phone_ID_1810,,+86    131-6639
CB_Phone_ID_1811,,18633934202    0311-0311-83784138
CB_Phone_ID_1812,,   86-18014602686
CB_Phone_ID_1813,,15642799034    0411-867642111
CB_Phone_ID_1814,,8.61995E+12
CB_Phone_ID_1815,,   0755-26755892
CB_Phone_ID_1816,,   021-64221773
CB_Phone_ID_1817,,13917534498
CB_Phone_ID_1818,,   010-50934026
CB_Phone_ID_1819,,4008558271
CB_Phone_ID_1820,,18021003406
CB_Phone_ID_1821,,400-002-6926    400-002-6926
CB_Phone_ID_1822,,13366620421    010-5718533
CB_Phone_ID_1823,,15800446246    021-58351080
CB_Phone_ID_1824,,13260236521    010-57263844
CB_Phone_ID_1825,,13760856740    020-36048871
CB_Phone_ID_1826,,   021-38015121
CB_Phone_ID_1827,,+8615162312715    0512-65118909
CB_Phone_ID_1828,,13301875428
CB_Phone_ID_1829,,13834861712    0138-34861712
CB_Phone_ID_1830,,   010-62968438
CB_Phone_ID_1831,,   +86-319-2600679
CB_Phone_ID_1832,,+8618771149750    027-027-59626688
CB_Phone_ID_1833,,   021-62884751
CB_Phone_ID_1834,,   010-60291560
CB_Phone_ID_1835,,   010-51653916
CB_Phone_ID_1836,,   010-62960866
CB_Phone_ID_1837,,   400-002-6926 15900443528
CB_Phone_ID_1838,,15652371397    010-57798038
CB_Phone_ID_1839,,18906011628    0592-6020891
CB_Phone_ID_1840,,15121098156    021-54046790
CB_Phone_ID_1841,,13585899102    021-80370006
CB_Phone_ID_1842,,+8617714337195    025-58851786
CB_Phone_ID_1843,,15026509758    021-51875103
CB_Phone_ID_1844,,"   +86 (21) 5027-2946, +86 13818785766"
CB_Phone_ID_1845,,   021-62800202-8437
CB_Phone_ID_1846,,   +86ï¼ˆ319ï¼‰532-1009
CB_Phone_ID_1847,,   021-31615208
CB_Phone_ID_1848,,   0086+27+639657558
CB_Phone_ID_1849,,   +86-17191039265
CB_Phone_ID_1850,,   86 0311-68056575
CB_Phone_ID_1851,,+8618232719690    0536-7971999
CB_Phone_ID_1852,,8.61563E+12
CB_Phone_ID_1853,,   +86-319-5326157
CB_Phone_ID_1854,,   0086-027-88316689
CB_Phone_ID_1855,,   0311-85041143
CB_Phone_ID_1856,,   021-62962298
CB_Phone_ID_1857,,   029-86354885
CB_Phone_ID_1858,,8.61874E+12
CB_Phone_ID_1859,,   +44 (0) 117 916 3333
CB_Phone_ID_1860,,+8618056025720    0551-68779238
CB_Phone_ID_1861,,13396860566    0576-0576-88813233
CB_Phone_ID_1862,,+8618155185130    0551-62628115
CB_Phone_ID_1863,,   +86-576-88813233
CB_Phone_ID_1864,,   +86 799 3413066
CB_Phone_ID_1865,,   029-63685358
CB_Phone_ID_1866,,13564518121    021-58446131
CB_Phone_ID_1867,,8.61312E+12
CB_Phone_ID_1868,,   027-88877052
CB_Phone_ID_1869,,   010-65420277
